date,tavg,tmin,tmax,prcp,snow,wdir,wspd,wpgt,pres,tsun
2018-01-01 00:00:00,9.1,2.5,18.4,,,,5.8,,1022.6,
2018-01-02 00:00:00,8.5,3.3,15.5,,,,7.9,,1021.9,
2018-01-03 00:00:00,9.6,5.1,13.4,,,,8.9,,1018,
2018-01-04 00:00:00,12.2,10.2,15.7,,,,7.7,,1019.1,
2018-01-05 00:00:00,12.4,8.5,16.6,,,,9.2,,1021.7,
2018-01-06 00:00:00,10.4,4,15.3,,,,10.1,,1022.4,
2018-01-07 00:00:00,6.9,2.4,10.4,,,,5.8,,1020.3,
2018-01-08 00:00:00,9.7,8,10.5,,,,16.2,,1010,
2018-01-09 00:00:00,12.3,9.3,15.1,,,,16.9,,1005.4,
2018-01-10 00:00:00,10.8,7.7,14.1,,,,15.4,,1019.7,
2018-01-11 00:00:00,10,4.8,16.3,,,,8.4,,1026.2,
2018-01-12 00:00:00,8.9,4.4,15,,,,7.2,,,
2018-01-13 00:00:00,8.6,4.1,11.1,,,,11.2,,1024.6,
2018-01-14 00:00:00,10,8.1,11.8,,,,10.6,,1022.5,
2018-01-15 00:00:00,8.8,7.9,10,,,,5.4,,1020.6,
2018-01-16 00:00:00,11.3,8.8,14.2,,,,7.1,,1023.5,
2018-01-17 00:00:00,10,6.9,12,,,,5.3,,1023.9,
2018-01-18 00:00:00,11,8.9,13.4,,,,10.8,,1018.7,
2018-01-19 00:00:00,8.4,1.7,14.5,,,,12.8,,1018.9,
2018-01-20 00:00:00,6.6,0,14.9,,,,7.8,,1021.3,
2018-01-21 00:00:00,7.4,-0.6,13.6,,,,9.7,,1026.9,
2018-01-22 00:00:00,8.9,7,10.5,,,,13.9,,1026.8,
2018-01-23 00:00:00,8,2.8,14.1,,,,5.9,,1024.9,
2018-01-24 00:00:00,7.7,3.4,11,,,,10.3,,1018.3,
2018-01-25 00:00:00,7.8,3.9,12.9,,,,10.6,,1019.5,
2018-01-26 00:00:00,6.3,0.7,11.7,,,,6.4,,1027.5,
2018-01-27 00:00:00,9,2.9,16.2,,,,4.8,,1030.1,
2018-01-28 00:00:00,8,1,16.3,,,,8.6,,1028,
2018-01-29 00:00:00,8.2,4.1,14.9,,,,8.4,,1024.7,
2018-01-30 00:00:00,8.6,1.3,18.3,,,,2.2,,1020.7,
2018-01-31 00:00:00,9.7,2.1,19.4,,,,5.1,,1018.9,
2018-02-01 00:00:00,12,5.3,21.8,,,,6.4,,1019.6,
2018-02-02 00:00:00,12.6,5.5,22.3,,,,9.7,,1021.2,
2018-02-03 00:00:00,14,6.4,22.4,,,,9.8,,1020.5,
2018-02-04 00:00:00,12.6,6,21.5,,,,8.3,,1019.3,
2018-02-05 00:00:00,13.5,5,23.7,,,,3.2,,1016.7,
2018-02-06 00:00:00,17.5,11.2,24.1,,,,15.9,,1017.9,
2018-02-07 00:00:00,13.5,,,,,,,,,
2018-02-08 00:00:00,12.5,4,22.9,,,,3.3,,1021.9,
2018-02-09 00:00:00,13.5,4.1,24,,,,4.7,,1017.2,
2018-02-10 00:00:00,13.9,4.7,22.1,,,,21.6,,1014,
2018-02-11 00:00:00,9.5,0.1,15.6,,,,16.7,,1012,
2018-02-12 00:00:00,8.9,0.5,15.9,,,,18.6,,1012.1,
2018-02-13 00:00:00,10.5,0.5,17.6,,,,19.1,,1020.4,
2018-02-14 00:00:00,8,-0.5,17.8,,,,15.9,,1021.1,
2018-02-15 00:00:00,10.5,4,18.5,,,,17.5,,1024.3,
2018-02-16 00:00:00,8.8,0,18.9,,,,5.9,,1023.7,
2018-02-17 00:00:00,10.4,0.1,20.4,,,,8.5,,1019.7,
2018-02-18 00:00:00,10.1,4.7,15,,,,26.7,,1013.7,
2018-02-19 00:00:00,5.2,-0.1,11.7,,,,9.1,,1016.3,
2018-02-20 00:00:00,4.1,-2.8,11.8,,,,7.3,,1022.9,
2018-02-21 00:00:00,5.7,-2.7,13.2,,,,12.3,,1022.5,
2018-02-22 00:00:00,6.8,0.7,13,,,,19.7,,1021.7,
2018-02-23 00:00:00,5,-2.8,12.3,,,,16,,1027.4,
2018-02-24 00:00:00,5.9,-3.5,15,,,,16.8,,1027.6,
2018-02-25 00:00:00,8,-1,17,,,,14.6,,1025.1,
2018-02-26 00:00:00,8.4,4.8,14.3,,,,17.5,,1015.3,
2018-02-27 00:00:00,8.3,2.5,15.1,,,,25.5,,1016.4,
2018-02-28 00:00:00,7.4,-1,13.5,,,,14,,1020.5,
2018-03-01 00:00:00,10.2,7.3,14.8,,,,30.5,,1011.3,
2018-03-02 00:00:00,6.3,1.3,10.7,,,,11.4,,1013.3,
2018-03-03 00:00:00,5.3,-0.4,11.6,,,,9,,1016.9,
2018-03-04 00:00:00,5.7,0.2,12,,,,8.2,,1025.6,
2018-03-05 00:00:00,6.6,-0.9,15.6,,,,12,,1025.3,
2018-03-06 00:00:00,8.5,1,18.1,,,,9.7,,1020.3,
2018-03-07 00:00:00,12.1,6.2,20.5,,,,10.4,,1016.9,
2018-03-08 00:00:00,13.8,9,19.7,,,,10.8,,,
2018-03-09 00:00:00,13.1,8.4,19.3,,,,14.8,,1015.8,
2018-03-10 00:00:00,12.2,8.5,16.4,,,,7.5,,1014.1,
2018-03-11 00:00:00,11.9,3.2,20.3,,,,4,,1018.1,
2018-03-12 00:00:00,14.1,,,,,,12.3,,1016.2,
2018-03-13 00:00:00,13.8,9.4,16.4,,,,20.6,,1012.8,
2018-03-14 00:00:00,9.7,5.7,14,,,,12.6,,1015.1,
2018-03-15 00:00:00,8.1,3.1,12,,,,18.4,,1015.1,
2018-03-16 00:00:00,9.4,5.9,13.2,,,,19.7,,1012.1,
2018-03-17 00:00:00,7.2,2.6,12.3,,,,10.3,,1016.5,
2018-03-18 00:00:00,7.1,0.6,13.3,,,,3,,1021.9,
2018-03-19 00:00:00,9.4,1,16.9,,,,9.2,,1019.9,
2018-03-20 00:00:00,10.8,9.1,12.6,,,,12.3,,1015.3,
2018-03-21 00:00:00,13.8,10.6,19.4,,,,11.5,,1010.2,
2018-03-22 00:00:00,13.5,7.9,16.5,,,,25,,1010.1,
2018-03-23 00:00:00,9.5,4,15.3,,,,18.9,,1021.7,
2018-03-24 00:00:00,9.1,4.3,13.2,,,,17.2,,1018.1,
2018-03-25 00:00:00,8,2.3,14.6,,,,11.5,,1020.4,
2018-03-26 00:00:00,11.1,2.5,18.7,,,,17,,1022,
2018-03-27 00:00:00,16.8,10.6,24.3,,,,15.6,,1022.3,
2018-03-28 00:00:00,16,6.1,27,,,,12.5,,1020.1,
2018-03-29 00:00:00,17.3,9.4,27.9,,,,8.5,,1018.1,
2018-03-30 00:00:00,16.4,6.2,26.1,,,,5.8,,1017.7,
2018-03-31 00:00:00,15.8,8.3,24.5,,,,12.7,,1015.7,
2018-04-01 00:00:00,15.5,8,23.9,,,,15.7,,1012.5,
2018-04-02 00:00:00,15.7,10.1,23.6,,,,15.9,,1011.2,
2018-04-03 00:00:00,14.8,8.2,23.1,,,,17.2,,1014.4,
2018-04-04 00:00:00,14.6,10.5,21.7,,,,24.1,,1016.6,
2018-04-05 00:00:00,13.2,10.6,16.3,,,,22.4,,1018,
2018-04-06 00:00:00,14.5,12.3,17,,,,16,,1014,
2018-04-07 00:00:00,15.8,11,19.5,,,,21.5,,1014.7,
2018-04-08 00:00:00,13.5,7.4,20.4,,,,7.9,,1021.4,
2018-04-09 00:00:00,15.6,,,,,,8.8,,1017.7,
2018-04-10 00:00:00,15.3,10.5,18,,,,20.2,,1017.2,
2018-04-11 00:00:00,,,,,,,,,,
2018-04-12 00:00:00,10.6,4.1,15.7,,,,13.7,,1023.5,
2018-04-13 00:00:00,13,4.5,22.2,,,,8.4,,1028.3,
2018-04-14 00:00:00,15.3,7.3,23.8,,,,9.1,,1023.7,
2018-04-15 00:00:00,12.5,8.4,17.3,,,,25.4,,1014.4,
2018-04-16 00:00:00,8.4,4.9,12.5,,,,12.2,,1016.4,
2018-04-17 00:00:00,8.6,1.8,16.2,,,,7.7,,1024.7,
2018-04-18 00:00:00,10.5,6.6,16.3,,,,14.1,,1018.4,
2018-04-19 00:00:00,12,2.9,20.3,,,,12.4,,1017.5,
2018-04-20 00:00:00,15.8,8.4,24.4,,,,15.9,,1020,
2018-04-21 00:00:00,17.3,9.4,25.9,,,,16,,1018.6,
2018-04-22 00:00:00,18.6,9.4,27,,,,8.5,,1014.3,
2018-04-23 00:00:00,19.3,11.2,28.5,,,,12.7,,1014,
2018-04-24 00:00:00,15.9,,,,,,26,,1014.6,
2018-04-25 00:00:00,14.4,8.6,22.7,,,,29.8,,1015.6,
2018-04-26 00:00:00,13.3,9.2,20,,,,39.5,,1014.3,
2018-04-27 00:00:00,14.1,10.2,19.3,,,,24.7,,1018.1,
2018-04-28 00:00:00,12.8,6,17.9,,,,16.4,,1018,
2018-04-29 00:00:00,13.6,8.3,19.6,,,,16.8,,1017.2,
2018-04-30 00:00:00,13.5,8.2,19.8,,,,19,,1015.1,
2018-05-01 00:00:00,15.1,8.9,23.4,,,,22.7,,1010,
2018-05-02 00:00:00,15.4,10.1,22.7,,,,25.4,,1013.9,
2018-05-03 00:00:00,14.2,9.9,21.4,,,,36.3,,1020.7,
2018-05-04 00:00:00,17.3,9.6,27.5,,,,19.5,,1021.2,
2018-05-05 00:00:00,16.2,11.6,22.9,,,,23.8,,1016,
2018-05-06 00:00:00,15.1,9.8,22.1,,,,33.7,,1016.4,
2018-05-07 00:00:00,18.6,11.1,27.6,,,,18.3,,1017.8,
2018-05-08 00:00:00,18.3,11.9,26.1,,,,31,,1016.1,
2018-05-09 00:00:00,17.2,12.8,23.6,,,,34.2,,1015.9,
2018-05-10 00:00:00,17.6,11,25.4,,,,26.4,,1012.4,
2018-05-11 00:00:00,20,11.5,27.4,,,,25.9,,1009.1,
2018-05-12 00:00:00,20,12.5,27.3,,,,31,,1010,
2018-05-13 00:00:00,15.2,11.8,20.7,,,,37.9,,1013.8,
2018-05-14 00:00:00,14.4,10.6,19.6,,,,35.4,,1013.6,
2018-05-15 00:00:00,15.1,11.6,20.8,,,,34.7,,1015.1,
2018-05-16 00:00:00,14.9,11.1,20.8,,,,26.5,,1017.1,
2018-05-17 00:00:00,16.5,10.3,24.9,,,,24.6,,1015.2,
2018-05-18 00:00:00,16.4,11.6,24,,,,34.5,,1013,
2018-05-19 00:00:00,15.5,11,22,,,,39.4,,1011.7,
2018-05-20 00:00:00,15,10.3,21.8,,,,31.1,,1012.1,
2018-05-21 00:00:00,16.7,10.2,25.8,,,,27.8,,1009.5,
2018-05-22 00:00:00,15.7,11.6,21.9,,,,37.1,,1010,
2018-05-23 00:00:00,15.1,11.7,19.1,,,,36.7,,1012.5,
2018-05-24 00:00:00,14.9,11.3,20,,,,33.8,,1015.6,
2018-05-25 00:00:00,14.7,12.1,19.2,,,,20.6,,1018.2,
2018-05-26 00:00:00,16.5,12.1,22.6,,,,16.1,,1016.7,
2018-05-27 00:00:00,20.4,11.8,30,,,,19.1,,1013.6,
2018-05-28 00:00:00,24.2,14.2,34.5,,,,17.4,,1011.7,
2018-05-29 00:00:00,23.6,16.3,34.2,,,,24.3,,1007.2,
2018-05-30 00:00:00,15.9,11.6,21,,,,39.6,,1006.7,
2018-05-31 00:00:00,15.6,11,22.2,,,,26.3,,1012.2,
2018-06-01 00:00:00,18.9,8.9,28.7,,,,14.9,,1016.5,
2018-06-02 00:00:00,24.4,13.9,35,,,,16.1,,1013.9,
2018-06-03 00:00:00,24.7,14,35.2,,,,17.3,,1010.6,
2018-06-04 00:00:00,20.8,14.2,29,,,,32.4,,1010.1,
2018-06-05 00:00:00,18.4,11.5,27,,,,29.5,,1010.5,
2018-06-06 00:00:00,17.2,11.5,24.9,,,,35.8,,1010.3,
2018-06-07 00:00:00,17.9,11.6,25.9,,,,30.2,,1013.7,
2018-06-08 00:00:00,19.9,12.4,29.4,,,,26.6,,1015.2,
2018-06-09 00:00:00,18.8,12.6,25.7,,,,22.9,,1016.2,
2018-06-10 00:00:00,17.4,8.1,26.4,,,,16.1,,1017.2,
2018-06-11 00:00:00,21.7,11.7,31.7,,,,17.6,,1012.3,
2018-06-12 00:00:00,24.8,14.9,35.7,,,,20.2,,1008.6,
2018-06-13 00:00:00,23.2,14.3,34.5,,,,24.2,,1007,
2018-06-14 00:00:00,19.8,13.1,28.1,,,,29.7,,1006.7,
2018-06-15 00:00:00,18,13,25,,,,36.6,,1004.9,
2018-06-16 00:00:00,16.6,12.3,24.4,,,,37.3,,1004.6,
2018-06-17 00:00:00,,,,,,,,,,
2018-06-18 00:00:00,19.8,,,,,,28.9,,1015,
2018-06-19 00:00:00,19.3,11.8,30.4,,,,33.1,,1014.3,
2018-06-20 00:00:00,18.1,11,26.7,,,,40,,1013.3,
2018-06-21 00:00:00,20.6,11.2,31.9,,,,23.8,,1013.6,
2018-06-22 00:00:00,25.1,14,37.2,,,,17,,1011.1,
2018-06-23 00:00:00,28.2,15.4,38,,,,12.6,,1006.9,
2018-06-24 00:00:00,21.1,15.5,28,,,,40.2,,1008,
2018-06-25 00:00:00,18.6,13.7,26.5,,,,39.5,,1011.7,
2018-06-26 00:00:00,20.1,12.1,30.8,,,,28.4,,1011.8,
2018-06-27 00:00:00,17.6,12.7,25,,,,39.6,,1011.2,
2018-06-28 00:00:00,20,12.7,29,,,,31.6,,1011.2,
2018-06-29 00:00:00,23.4,14.3,34.5,,,,23.5,,1010.5,
2018-06-30 00:00:00,26.6,16.4,38.7,,,,22.5,,1010.1,
2018-07-01 00:00:00,20.8,,,,,,40,,1011.4,
2018-07-02 00:00:00,18.6,13.2,26,,,,37.2,,1011.1,
2018-07-03 00:00:00,18.3,13.3,26,,,,35.8,,1009.1,
2018-07-04 00:00:00,17.4,13.2,22.3,,,,35,,1013.4,
2018-07-05 00:00:00,20.6,11.8,31,,,,22.2,,1018.5,
2018-07-06 00:00:00,24.6,17.6,35.4,,,,12.9,,1018.2,
2018-07-07 00:00:00,25,16.7,34.6,,,,21.5,,1014.4,
2018-07-08 00:00:00,23,15.2,32.2,,,,31.8,,1013.1,
2018-07-09 00:00:00,24.7,14,36,,,,22.9,,1015,
2018-07-10 00:00:00,25.2,16.9,34.7,,,,24.3,,1013.5,
2018-07-11 00:00:00,22.8,14,34,,,,23.9,,1010.2,
2018-07-12 00:00:00,23.2,14.6,32.7,,,,32.2,,1011.6,
2018-07-13 00:00:00,25.4,18.9,35.1,,,,29.9,,1014.3,
2018-07-14 00:00:00,22.3,15.9,31.7,,,,37.3,,1013.8,
2018-07-15 00:00:00,20.5,14.4,29.9,,,,38.8,,1012.1,
2018-07-16 00:00:00,21.6,13.2,33.2,,,,34.3,,1012.6,
2018-07-17 00:00:00,21.8,13,33.6,,,,32.7,,1012.8,
2018-07-18 00:00:00,22.6,14.9,35,,,,31.4,,1012.1,
2018-07-19 00:00:00,22.4,14.7,34.8,,,,35.1,,1010.6,
2018-07-20 00:00:00,23.2,15.7,31.2,,,,32.9,,1011,
2018-07-21 00:00:00,23.3,17.1,32.6,,,,35.8,,1013,
2018-07-22 00:00:00,22.7,15.8,32.2,,,,37.9,,1015.7,
2018-07-23 00:00:00,23.1,15.3,34.6,,,,32.6,,1015.2,
2018-07-24 00:00:00,23.2,15,33.7,,,,31.6,,1014.6,
2018-07-25 00:00:00,24.3,14.9,37.5,,,,30.8,,1014.8,
2018-07-26 00:00:00,21.6,14.5,31.8,,,,37.9,,1012.4,
2018-07-27 00:00:00,20.1,,,,,,,,,
2018-07-28 00:00:00,20.9,13.1,34.5,,,,33.5,,1011.2,
2018-07-29 00:00:00,19.8,13.6,30.3,,,,35.2,,1012.7,
2018-07-30 00:00:00,21,14,32.1,,,,29.4,,1012.2,
2018-07-31 00:00:00,20.9,13.6,31.2,,,,30.4,,1011.6,
2018-08-01 00:00:00,20.2,13,30.5,,,,35,,1011.5,
2018-08-02 00:00:00,20.3,12.8,30.6,,,,33.9,,1011.3,
2018-08-03 00:00:00,22.3,13.1,34.5,,,,22.2,,1011.9,
2018-08-04 00:00:00,24,14.7,34.8,,,,23.5,,1011,
2018-08-05 00:00:00,21.8,14,32.1,,,,24,,1012.1,
2018-08-06 00:00:00,23.3,14.6,35,,,,20.4,,1013.4,
2018-08-07 00:00:00,20.3,13.9,28.3,,,,28.6,,1010.5,
2018-08-08 00:00:00,21.2,13.1,33.2,,,,21.4,,1011.4,
2018-08-09 00:00:00,24.2,13.1,37.2,,,,16.4,,1011.8,
2018-08-10 00:00:00,24.8,14.9,37.2,,,,22.5,,1012.5,
2018-08-11 00:00:00,24.3,17.4,34.1,,,,34.9,,1011.8,
2018-08-12 00:00:00,23,15.5,34.2,,,,26.6,,1011.5,
2018-08-13 00:00:00,19.4,13.7,28.7,,,,34.3,,1011.7,
2018-08-14 00:00:00,18.5,14,26.5,,,,38.3,,1010.8,
2018-08-15 00:00:00,19.7,14.8,28.1,,,,35.3,,1011.9,
2018-08-16 00:00:00,21.3,13.8,32.2,,,,29.5,,1014.7,
2018-08-17 00:00:00,23,13.8,36.6,,,,25.8,,1015.6,
2018-08-18 00:00:00,23.9,14.9,36.1,,,,19,,,
2018-08-19 00:00:00,20.7,12.9,33.1,,,,30.1,,1011.8,
2018-08-20 00:00:00,18.4,13.8,27.7,,,,34.6,,1010.1,
2018-08-21 00:00:00,16.9,12.8,22.3,,,,39.9,,1012.6,
2018-08-22 00:00:00,19.5,14.3,26.5,,,,28.7,,1015.2,
2018-08-23 00:00:00,18.6,13.8,26.2,,,,32.2,,1015.3,
2018-08-24 00:00:00,17.9,13.4,25.8,,,,30.2,,1013.3,
2018-08-25 00:00:00,19,12.9,29,,,,21.3,,1012.8,
2018-08-26 00:00:00,17.4,12,26,,,,35.4,,1013,
2018-08-27 00:00:00,17.7,13.3,24,,,,35,,1011.9,
2018-08-28 00:00:00,17.9,14.1,23.4,,,,32.8,,1013,
2018-08-29 00:00:00,19.1,14,25.7,,,,28.8,,1014.3,
2018-08-30 00:00:00,19.2,14.5,25.4,,,,20.1,,1016.3,
2018-08-31 00:00:00,20.3,13.8,30.3,,,,20.9,,1014.4,
2018-09-01 00:00:00,20.5,13.9,30.4,,,,30.6,,1009.6,
2018-09-02 00:00:00,21,13.2,33.3,,,,25.6,,1008.1,
2018-09-03 00:00:00,19.1,13.2,29,,,,35.6,,1009.3,
2018-09-04 00:00:00,19.3,12.9,31,,,,31.9,,1009.4,
2018-09-05 00:00:00,18.2,13.2,25.6,,,,36,,1012,
2018-09-06 00:00:00,18.7,11.6,29.9,,,,31.2,,1015.4,
2018-09-07 00:00:00,22.1,12.4,34.9,,,,19.9,,1014.6,
2018-09-08 00:00:00,22.4,14.7,33.6,,,,28.2,,1012.2,
2018-09-09 00:00:00,21.8,13.1,33.4,,,,18.1,,1010.6,
2018-09-10 00:00:00,22,13.3,32.9,,,,18.8,,1010.3,
2018-09-11 00:00:00,21.1,14.4,30.5,,,,26.3,,1009.2,
2018-09-12 00:00:00,18,12.1,23.6,,,,27.7,,1011.2,
2018-09-13 00:00:00,18.7,13.3,26.1,,,,22.7,,1013.5,
2018-09-14 00:00:00,18.3,12.2,27.6,,,,15.2,,1012.4,
2018-09-15 00:00:00,,,,,,,,,,
2018-09-16 00:00:00,,,,,,,,,,
2018-09-17 00:00:00,,,,,,,,,,
2018-09-18 00:00:00,,,,,,,,,,
2018-09-19 00:00:00,,,,,,,,,,
2018-09-20 00:00:00,,,,,,,,,,
2018-09-21 00:00:00,,,,,,,,,,
2018-09-22 00:00:00,,,,,,,,,,
2018-09-23 00:00:00,,,,,,,,,,
2018-09-24 00:00:00,21.1,,,,,,11,,,
2018-09-25 00:00:00,21.3,11.7,34.7,,,,16.8,,1012,
2018-09-26 00:00:00,21.9,10.5,35,,,,12.5,,1013.7,
2018-09-27 00:00:00,20.9,12.7,34.7,,,,17.9,,1011.3,
2018-09-28 00:00:00,16.5,11.9,24,,,,40.1,,1009,
2018-09-29 00:00:00,17.7,,,,,,21.8,,1010.8,
2018-09-30 00:00:00,19.4,13,25.9,,,,11.4,,1011.9,
2018-10-01 00:00:00,,,,,,,,,,
2018-10-02 00:00:00,21.6,16.8,27.6,,,,7.2,,1009.2,
2018-10-03 00:00:00,20.9,16.2,26.7,,,,21.8,,1011.4,
2018-10-04 00:00:00,18.2,13.9,23,,,,23.6,,1014.7,
2018-10-05 00:00:00,17.7,,,,,,13.4,,1016.7,
2018-10-06 00:00:00,20.2,12,27,,,,16.1,,1012.1,
2018-10-07 00:00:00,22.4,18.3,27.5,,,,29.8,,1011.5,
2018-10-08 00:00:00,23,15.8,29,,,,18.6,,1009.2,
2018-10-09 00:00:00,18.8,12.6,28.5,,,,21,,1007.8,
2018-10-10 00:00:00,16.2,10,22.8,,,,22.8,,1008.2,
2018-10-11 00:00:00,17.2,12.1,25.1,,,,20.2,,1009.9,
2018-10-12 00:00:00,18.9,8,29.5,,,,12.6,,1010.9,
2018-10-13 00:00:00,17.7,7.1,28.8,,,,13.2,,1009.4,
2018-10-14 00:00:00,18.9,10.8,26.9,,,,27.5,,1013.1,
2018-10-15 00:00:00,19.8,12.8,27.9,,,,26.4,,1019.1,
2018-10-16 00:00:00,17.8,7.9,29.5,,,,11.6,,1017.6,
2018-10-17 00:00:00,16,6,26.6,,,,6.3,,1017.8,
2018-10-18 00:00:00,16.6,7.4,26.8,,,,11.1,,1018.9,
2018-10-19 00:00:00,17,6.5,29.2,,,,7.7,,1018.6,
2018-10-20 00:00:00,17.6,6.8,29.2,,,,8.2,,1015.3,
2018-10-21 00:00:00,15.9,8.7,25.2,,,,17.8,,1014,
2018-10-22 00:00:00,14.9,10.4,23.1,,,,26.6,,1014.1,
2018-10-23 00:00:00,14.5,10,21.3,,,,25.6,,1014.7,
2018-10-24 00:00:00,16.4,9.5,24.9,,,,12.3,,1016.5,
2018-10-25 00:00:00,17.5,8.8,27,,,,12.3,,1018.3,
2018-10-26 00:00:00,17.9,8.8,26.9,,,,9.2,,1018.1,
2018-10-27 00:00:00,18.4,10.2,27.3,,,,13.8,,1016.5,
2018-10-28 00:00:00,18.1,12.6,25.6,,,,26.4,,1017.9,
2018-10-29 00:00:00,14.8,7.9,24.7,,,,6.8,,1020.6,
2018-10-30 00:00:00,17.7,10.1,25.5,,,,12.8,,1018.5,
2018-10-31 00:00:00,18.4,10.6,27.2,,,,7.4,,1019.3,
2018-11-01 00:00:00,17.8,9,28.6,,,,6.1,,1020,
2018-11-02 00:00:00,16,7,27.5,,,,7,,1020.3,
2018-11-03 00:00:00,19.3,11,30.6,,,,8.6,,1018.4,
2018-11-04 00:00:00,16.7,6.4,27.4,,,,9.7,,1015.4,
2018-11-05 00:00:00,16.4,8.6,27.1,,,,8.8,,1013.7,
2018-11-06 00:00:00,14,5.1,26.1,,,,6.1,,1015.2,
2018-11-07 00:00:00,12.9,3.4,24.2,,,,6.1,,1017,
2018-11-08 00:00:00,17.8,14,22,,,,32.5,,1018.5,
2018-11-09 00:00:00,9.8,0.8,17.9,,,,5.8,,1020.5,
2018-11-10 00:00:00,7.1,-0.7,19.1,,,,3.5,,1017.3,
2018-11-11 00:00:00,12.9,1.9,22.7,,,,15.2,,1019.6,
2018-11-12 00:00:00,7.8,-0.2,19.2,,,,7.8,,1026.3,
2018-11-13 00:00:00,7.9,2.2,17,,,,6.2,,1029.8,
2018-11-14 00:00:00,7.2,-0.7,18.7,,,,3.2,,1027.2,
2018-11-15 00:00:00,6.1,0.1,15.9,,,,7.8,,1021.8,
2018-11-16 00:00:00,6.3,-1.6,17.3,,,,0.7,,1017.4,
2018-11-17 00:00:00,6.8,-0.7,18.3,,,,5,,1017.5,
2018-11-18 00:00:00,6.8,-1.9,19,,,,3.7,,1018.9,
2018-11-19 00:00:00,8,0,19.1,,,,7,,1018.1,
2018-11-20 00:00:00,8.1,-1,20.7,,,,2,,1016.7,
2018-11-21 00:00:00,9.8,4,13,,,,5.3,,1016.1,
2018-11-22 00:00:00,13.2,8.2,17.8,,,,17.6,,1019.9,
2018-11-23 00:00:00,13.7,11.6,15.6,,,,19.1,,1019.9,
2018-11-24 00:00:00,14.4,8.8,18,,,,11.1,,1017.1,
2018-11-25 00:00:00,11.8,5.3,20.3,,,,2.9,,1019.5,
2018-11-26 00:00:00,11.3,5.1,19.8,,,,5.6,,1022.1,
2018-11-27 00:00:00,11.8,8,14,,,,8.6,,1018.7,
2018-11-28 00:00:00,14.6,12.1,19.7,,,,12.9,,1010.6,
2018-11-29 00:00:00,12.2,8.6,15,,,,16.6,,1001,
2018-11-30 00:00:00,9.8,5.6,16.2,,,,7.6,,1016.1,
2018-12-01 00:00:00,10.6,6,15.7,,,,14.5,,1016,
2018-12-02 00:00:00,6.7,0.9,13.9,,,,6.5,,1020.7,
2018-12-03 00:00:00,7.1,0.9,12.1,,,,17.3,,1022.6,
2018-12-04 00:00:00,9.6,8.3,11.4,,,,21.8,,1017,
2018-12-05 00:00:00,10,8.7,12.1,,,,23.4,,1013.4,
2018-12-06 00:00:00,10.8,6.2,16.3,,,,14.8,,1014.9,
2018-12-07 00:00:00,7.3,1.7,14.7,,,,5.2,,1022,
2018-12-08 00:00:00,7.3,2.3,14.8,,,,9.6,,1027.6,
2018-12-09 00:00:00,7.3,3.7,10.2,,,,3.3,,1027.6,
2018-12-10 00:00:00,9.1,5,16,,,,5.6,,1023.8,
2018-12-11 00:00:00,7.8,0.3,16,,,,4.8,,1022.9,
2018-12-12 00:00:00,10.5,4.1,18.6,,,,13,,1025,
2018-12-13 00:00:00,7.3,1.7,15.9,,,,11.1,,1025.2,
2018-12-14 00:00:00,10.1,5,15.9,,,,12.6,,1019.8,
2018-12-15 00:00:00,10.5,7.5,14.1,,,,4.4,,1019.6,
2018-12-16 00:00:00,9.4,5.3,12.2,,,,8.8,,1018,
2018-12-17 00:00:00,11.7,7.8,18.9,,,,8.8,,1022.7,
2018-12-18 00:00:00,11.2,6.2,17,,,,13.2,,1027.1,
2018-12-19 00:00:00,10.7,5.2,16.1,,,,5.2,,1025.3,
2018-12-20 00:00:00,9.5,5.1,11.2,,,,5.4,,1021.9,
2018-12-21 00:00:00,10.2,4.4,13.9,,,,6.5,,1020,
2018-12-22 00:00:00,7.6,2.3,14.6,,,,2.1,,1022,
2018-12-23 00:00:00,9.2,5.1,13.8,,,,6.1,,1024.9,
2018-12-24 00:00:00,10.1,7.5,14,,,,9.8,,1018.1,
2018-12-25 00:00:00,11.5,4.3,18.2,,,,17.7,,1015.4,
2018-12-26 00:00:00,9.2,1.8,17.2,,,,6.7,,1020.3,
2018-12-27 00:00:00,9.3,1.5,15.3,,,,22.2,,1021.7,
2018-12-28 00:00:00,10,6.5,15,,,,18.7,,1024.5,
2018-12-29 00:00:00,6.7,0.5,14.9,,,,4,,1027.2,
2018-12-30 00:00:00,6.9,0.1,16.7,,,,8.9,,1021.7,
2018-12-31 00:00:00,9.1,3.6,13.6,,,,30.7,,1018,
2019-01-01 00:00:00,7.6,2.1,14.8,,,,24.6,,1023.6,
2019-01-02 00:00:00,3.7,-2.3,13.1,,,,5.4,,1025.3,
2019-01-03 00:00:00,4.1,,,,,,10.5,,1024.3,
2019-01-04 00:00:00,4.4,-0.9,14,,,,6.2,,1016.7,
2019-01-05 00:00:00,6.1,0.8,11.2,,,,12.2,,1008.8,
2019-01-06 00:00:00,7.7,3.8,11.2,,,,24.6,,1011,
2019-01-07 00:00:00,10.7,8.3,15.1,,,,12.6,,1020.6,
2019-01-08 00:00:00,10,8.7,11.6,,,,8.4,,1017.2,
2019-01-09 00:00:00,12.6,8.1,17.6,,,,15.4,,1018.2,
2019-01-10 00:00:00,9,4.3,14,,,,5.2,,1021.7,
2019-01-11 00:00:00,10.5,9.4,13.1,,,,16,,1015.6,
2019-01-12 00:00:00,9.7,4.7,16.9,,,,6.8,,1016.1,
2019-01-13 00:00:00,9.2,4.8,16.6,,,,13.9,,1017.4,
2019-01-14 00:00:00,8.5,4.5,13.5,,,,15.6,,1013.7,
2019-01-15 00:00:00,9.2,6.5,11.7,,,,16.3,,1010.8,
2019-01-16 00:00:00,12,10.5,13.4,,,,23.8,,1011.6,
2019-01-17 00:00:00,12.6,10.4,15.6,,,,25.2,,1016.2,
2019-01-18 00:00:00,12.2,9.7,17.2,,,,2,,1027.3,
2019-01-19 00:00:00,14,10.6,19.9,,,,2.2,,1027.3,
2019-01-20 00:00:00,12.1,7,16.2,,,,20.8,,1017.8,
2019-01-21 00:00:00,10.3,,,,,,12.8,,1022.9,
2019-01-22 00:00:00,10.4,3.8,18,,,,12,,1029.2,
2019-01-23 00:00:00,7.3,0.8,16.5,,,,5.9,,1030.2,
2019-01-24 00:00:00,8.6,2,16.9,,,,7.4,,1025.1,
2019-01-25 00:00:00,8.9,1.9,20.1,,,,5.7,,1024.7,
2019-01-26 00:00:00,8.2,3,15.9,,,,6.5,,1026.4,
2019-01-27 00:00:00,11.6,4.5,21.7,,,,10.7,,1022.8,
2019-01-28 00:00:00,11.1,5.9,18.6,,,,3.8,,1017.9,
2019-01-29 00:00:00,13.2,8.7,21.1,,,,7.4,,1015.4,
2019-01-30 00:00:00,12.1,6.7,18.8,,,,6,,1013.5,
2019-01-31 00:00:00,12.9,6.7,18.9,,,,6.5,,1012.6,
2019-02-01 00:00:00,11.8,8.1,15.2,,,,13.4,,1010.4,
2019-02-02 00:00:00,12.3,10,16,,,,24.7,,999.6,
2019-02-03 00:00:00,10.9,8.7,14.2,,,,28.6,,1003.4,
2019-02-04 00:00:00,7.9,4,10.3,,,,23.2,,1002.8,
2019-02-05 00:00:00,5.3,0.5,13.5,,,,9.7,,1012.2,
2019-02-06 00:00:00,5.1,-2.4,13.9,,,,5.8,,1022.4,
2019-02-07 00:00:00,4.9,-0.8,12.4,,,,8.1,,1025.9,
2019-02-08 00:00:00,6.7,4.4,10.5,,,,18,,1019,
2019-02-09 00:00:00,7.8,4.9,10.9,,,,20,,1012.9,
2019-02-10 00:00:00,6.3,0.6,12.9,,,,13.7,,1016.2,
2019-02-11 00:00:00,5,-1.3,12.9,,,,4.5,,1023.4,
2019-02-12 00:00:00,4.4,0.7,6.9,,,,12.6,,1017.5,
2019-02-13 00:00:00,9.2,5.1,14.2,,,,16.6,,1004.3,
2019-02-14 00:00:00,12.3,8.6,15,,,,24.8,,1001,
2019-02-15 00:00:00,7.5,4.3,10.8,,,,20.2,,1015.1,
2019-02-16 00:00:00,8.2,4.7,12.4,,,,17.3,,1020,
2019-02-17 00:00:00,7,3.4,13,,,,10,,1017.4,
2019-02-18 00:00:00,7.4,2.6,13.3,,,,20.7,,1023,
2019-02-19 00:00:00,8,1.2,15.3,,,,11.6,,1022.6,
2019-02-20 00:00:00,8.5,3.9,17,,,,8.4,,1012.7,
2019-02-21 00:00:00,7.2,-0.3,13.7,,,,24.4,,1008.7,
2019-02-22 00:00:00,7.9,1.9,15.8,,,,15.1,,1019.7,
2019-02-23 00:00:00,6.8,-1.4,14.9,,,,4.7,,1026.6,
2019-02-24 00:00:00,9.7,6.6,14.6,,,,11.8,,1023,
2019-02-25 00:00:00,10.2,7.8,12.7,,,,16.5,,1015.8,
2019-02-26 00:00:00,11.1,10.6,12,48.6,,,14.1,,1013.4,
2019-02-27 00:00:00,11.7,9.7,16.3,,,,25.6,,1015.2,
2019-02-28 00:00:00,10.7,7.5,15.7,,,,12.4,,1020.8,
2019-03-01 00:00:00,10.2,7,14.5,,,,8.3,,1018.5,
2019-03-02 00:00:00,10.3,8.5,13,,,,17.5,,1012.3,
2019-03-03 00:00:00,12.4,9.1,16.8,,,,14.9,,1017.1,
2019-03-04 00:00:00,11.5,8.7,16.6,,,,13.3,,1019.3,
2019-03-05 00:00:00,11.2,9.3,13,,,,13.2,,1012.2,
2019-03-06 00:00:00,12.4,10.9,15.2,,,,18.9,,1006.8,
2019-03-07 00:00:00,10.5,6.4,14.6,,,,17.1,,1015.8,
2019-03-08 00:00:00,8.9,,,,,,24.8,,1016.6,
2019-03-09 00:00:00,8.3,4.8,12.8,,,,17.1,,1014.8,
2019-03-10 00:00:00,9.4,5.1,15,,,,12.6,,1015.3,
2019-03-11 00:00:00,10.5,2.2,20,,,,11,,1017.3,
2019-03-12 00:00:00,11.6,5.7,19.2,,,,21.5,,1012.4,
2019-03-13 00:00:00,,,,,,,,,,
2019-03-14 00:00:00,11.8,,,,,,13.9,,,
2019-03-15 00:00:00,10.8,1.4,21,,,,10.6,,1023.5,
2019-03-16 00:00:00,12.2,2.9,22.7,,,,7.1,,1021,
2019-03-17 00:00:00,13,4.4,23.3,,,,9.7,,1019.3,
2019-03-18 00:00:00,14.3,5.6,24.5,,,,8.8,,1015.5,
2019-03-19 00:00:00,15.6,8.1,23.4,,,,12.3,,1012,
2019-03-20 00:00:00,12.4,,,,,,18.4,,1015.8,
2019-03-21 00:00:00,11,2.4,19.1,,,,11.9,,1019.8,
2019-03-22 00:00:00,10.6,7.7,13.9,,,,10.7,,1022,
2019-03-23 00:00:00,12.8,7.8,18.5,,,,13.2,,1022,
2019-03-24 00:00:00,11.1,4.5,18.4,,,,7.7,,1023.3,
2019-03-25 00:00:00,11.3,6.1,17,,,,12.1,,1018.8,
2019-03-26 00:00:00,13.7,8.5,20,,,,9.5,,1016.7,
2019-03-27 00:00:00,13.2,8.6,17.6,,,,20.7,,1014.8,
2019-03-28 00:00:00,11.5,7.9,17.9,,,,11.3,,1023.7,
2019-03-29 00:00:00,12.1,5.2,20.6,,,,6.3,,1027,
2019-03-30 00:00:00,13.2,5.2,23.4,,,,10.2,,1023.8,
2019-03-31 00:00:00,15,5.1,24.9,,,,7.6,,1020.7,
2019-04-01 00:00:00,14.6,10.8,20.2,,,,5.8,,1015.9,
2019-04-02 00:00:00,13.6,10.1,17.8,,,,16.1,,1012.6,
2019-04-03 00:00:00,13.7,10.3,18.5,,,,12.5,,1017.2,
2019-04-04 00:00:00,14,10.4,18.2,,,,16.7,,1016.9,
2019-04-05 00:00:00,12.8,10.2,16.9,,,,11.1,,1016.6,
2019-04-06 00:00:00,14.8,9.8,20.1,,,,11.4,,1019.9,
2019-04-07 00:00:00,17.5,,,,,,16,,1024.7,
2019-04-08 00:00:00,17.2,13.8,22.3,,,,20.9,,1022.4,
2019-04-09 00:00:00,15,8.9,21.8,,,,16.8,,1023.3,
2019-04-10 00:00:00,15.7,10.8,23.5,,,,19,,1025.2,
2019-04-11 00:00:00,15.6,10.3,21,,,,14.9,,1019.7,
2019-04-12 00:00:00,15.4,6.8,24.2,,,,16.8,,1013.6,
2019-04-13 00:00:00,16.9,9,26.8,,,,13,,1015.4,
2019-04-14 00:00:00,14.1,9,20.3,,,,31.1,,1013,
2019-04-15 00:00:00,11.2,7.6,16.2,,,,21.1,,1011.8,
2019-04-16 00:00:00,14.1,8.8,20.5,,,,14.1,,1016.9,
2019-04-17 00:00:00,16.4,8.9,25.7,,,,12.6,,1022.2,
2019-04-18 00:00:00,18.1,8.4,28,,,,9.7,,1019.9,
2019-04-19 00:00:00,18.7,11.1,27.6,,,,16.3,,1013.2,
2019-04-20 00:00:00,14.8,10.8,20.2,,,,31.4,,1012.1,
2019-04-21 00:00:00,15.7,6.6,24.7,,,,15.3,,1018.2,
2019-04-22 00:00:00,19.3,7.3,30.3,,,,16.5,,1017.6,
2019-04-23 00:00:00,22.6,13.2,31.9,,,,14.9,,1015,
2019-04-24 00:00:00,22.8,13.8,33.1,,,,12.5,,1013.1,
2019-04-25 00:00:00,19.3,12.4,29.2,,,,25.7,,1012.7,
2019-04-26 00:00:00,18,10.5,29,,,,23.7,,,
2019-04-27 00:00:00,15.8,11.6,22.8,,,,33.6,,1012.1,
2019-04-28 00:00:00,15.9,10.1,25.2,,,,25.7,,1009.7,
2019-04-29 00:00:00,14.8,9.9,21.7,,,,36.2,,1007.8,
2019-04-30 00:00:00,15.6,11.2,22.3,,,,26.9,,1012.4,
2019-05-01 00:00:00,16.8,7.2,26.3,,,,12.8,,1016.1,
2019-05-02 00:00:00,18.2,9.2,28.2,,,,15.2,,1016,
2019-05-03 00:00:00,18.3,9.8,28.4,,,,16.3,,1013.9,
2019-05-04 00:00:00,15,8.5,25.4,,,,28.6,,1011.4,
2019-05-05 00:00:00,13.8,8.9,20.2,,,,39.8,,1009.3,
2019-05-06 00:00:00,14.4,10.8,19.2,,,,33.2,,1012,
2019-05-07 00:00:00,16,11,23.2,,,,28.8,,1016.5,
2019-05-08 00:00:00,16.5,11.4,24.2,,,,30.6,,1013.8,
2019-05-09 00:00:00,15.4,11.6,20.8,,,,39.9,,1007.7,
2019-05-10 00:00:00,18.4,9.4,29.3,,,,22.4,,1008.8,
2019-05-11 00:00:00,16.9,10.9,26.6,,,,28.1,,1013.2,
2019-05-12 00:00:00,16.7,10.7,25.8,,,,31.2,,1013.4,
2019-05-13 00:00:00,16.2,10.9,25.6,,,,31.8,,1015.1,
2019-05-14 00:00:00,14.9,10.7,20.6,,,,30.7,,1015.8,
2019-05-15 00:00:00,14.8,12.8,18.1,,,,15.8,,1009.7,
2019-05-16 00:00:00,12.6,10.6,16.8,,,,24.8,,1011,
2019-05-17 00:00:00,14.7,10,20.7,,,,22.4,,1018.6,
2019-05-18 00:00:00,11.5,9.6,15,,,,16.6,,1013.4,
2019-05-19 00:00:00,11.8,7.9,17,,,,13.1,,1009.4,
2019-05-20 00:00:00,13,5,20.5,,,,16,,1014.6,
2019-05-21 00:00:00,13.8,10.4,19,,,,24.2,,1012,
2019-05-22 00:00:00,17.1,7.6,25.6,,,,14.5,,1009.4,
2019-05-23 00:00:00,19.2,12.9,26.9,,,,17.8,,1009.2,
2019-05-24 00:00:00,16.6,12.4,22.7,,,,31.7,,1014.7,
2019-05-25 00:00:00,15.7,11.6,22.9,,,,25.1,,1009.4,
2019-05-26 00:00:00,12.9,9.3,17.2,,,,25.6,,1009.8,
2019-05-27 00:00:00,15.5,9.1,22.4,,,,19.4,,1017.1,
2019-05-28 00:00:00,18,10.8,26.3,,,,22.3,,1015.2,
2019-05-29 00:00:00,19.3,12.5,28.3,,,,25,,1011.2,
2019-05-30 00:00:00,17,11.6,23.9,,,,30,,1011.7,
2019-05-31 00:00:00,19.9,12,29.5,,,,19.2,,1011.3,
2019-06-01 00:00:00,19.5,12.5,29.9,,,,26.4,,1008.4,
2019-06-02 00:00:00,17.5,12.2,25.1,,,,36.4,,1009.8,
2019-06-03 00:00:00,19.5,12,29.9,,,,28.9,,1011.3,
2019-06-04 00:00:00,24.2,13.7,34.8,,,,15.9,,1011.5,
2019-06-05 00:00:00,24.7,16,34.1,,,,19.9,,1010.5,
2019-06-06 00:00:00,18.9,13.3,26,,,,34.6,,1011.7,
2019-06-07 00:00:00,18.3,9.3,27.2,,,,18.3,,1015.2,
2019-06-08 00:00:00,23.7,,,,,,28.3,,1015.2,
2019-06-09 00:00:00,26.4,18,33.8,,,,19.4,,1015.9,
2019-06-10 00:00:00,27.2,15.4,38.5,,,,7.5,,1015.7,
2019-06-11 00:00:00,29.2,16,40.3,,,,10.1,,1014.8,
2019-06-12 00:00:00,28.1,18.3,38.1,,,,14.5,,1011.6,
2019-06-13 00:00:00,19.6,14.1,27.3,,,,42.2,,1010.4,
2019-06-14 00:00:00,18,12.6,27.1,,,,37.7,,1011.4,
2019-06-15 00:00:00,16.5,12.1,23.5,,,,39.5,,1012.2,
2019-06-16 00:00:00,17.3,11.3,27,,,,35.1,,1010.2,
2019-06-17 00:00:00,20.7,12.9,31.7,,,,29.6,,1009,
2019-06-18 00:00:00,22.4,14.7,33,,,,28.3,,1011.1,
2019-06-19 00:00:00,20.4,13.4,30.2,,,,36.8,,1011.3,
2019-06-20 00:00:00,19,13.8,27.5,,,,38.2,,1010.1,
2019-06-21 00:00:00,20.6,12,30.2,,,,23.9,,1011.2,
2019-06-22 00:00:00,24.3,13.3,34.6,,,,22,,1012.8,
2019-06-23 00:00:00,25.5,15.1,36.5,,,,18.2,,1013,
2019-06-24 00:00:00,22,14,33.2,,,,29.2,,1009.9,
2019-06-25 00:00:00,21.8,14.6,31.1,,,,32.4,,1008.9,
2019-06-26 00:00:00,18.8,13.6,24.3,,,,32.1,,1013.8,
2019-06-27 00:00:00,18,10.6,26.7,,,,24.4,,1017.4,
2019-06-28 00:00:00,21.3,15,30.4,,,,19.5,,1016.2,
2019-06-29 00:00:00,21,11.9,31.1,,,,21.2,,1016.2,
2019-06-30 00:00:00,21.1,,,,,,24.7,,1015.8,
2019-07-01 00:00:00,19.9,12.8,29.6,,,,31.4,,1015.4,
2019-07-02 00:00:00,21.2,13.9,30,,,,26.9,,1013.1,
2019-07-03 00:00:00,21,13.6,30.5,,,,28.1,,1011.4,
2019-07-04 00:00:00,21.2,,,,,,25.5,,1012.1,
2019-07-05 00:00:00,20.8,13.1,32.4,,,,32,,1013.9,
2019-07-06 00:00:00,21.1,13.2,32.7,,,,29.6,,1013.3,
2019-07-07 00:00:00,19.4,13.8,27.7,,,,36.4,,1011.3,
2019-07-08 00:00:00,17.8,,,,,,36.5,,1013.6,
2019-07-09 00:00:00,19.3,13,28.6,,,,30.4,,1015.8,
2019-07-10 00:00:00,21.6,15.1,31.4,,,,31.8,,1017,
2019-07-11 00:00:00,22.7,15.4,33.3,,,,29.6,,1015.5,
2019-07-12 00:00:00,22.8,14.3,34.4,,,,26.3,,1011.8,
2019-07-13 00:00:00,22.4,14,34,,,,30.2,,1010.3,
2019-07-14 00:00:00,22,14.1,30.8,,,,34.6,,1013.2,
2019-07-15 00:00:00,24.7,16.9,34.4,,,,25.9,,1013.8,
2019-07-16 00:00:00,23.1,15.4,33.2,,,,28.3,,1010.8,
2019-07-17 00:00:00,23.9,,,,,,19.6,,1011.3,
2019-07-18 00:00:00,20.9,15,28.5,,,,35.1,,1011.2,
2019-07-19 00:00:00,20.1,14.3,28.8,,,,33.4,,1011.1,
2019-07-20 00:00:00,19.7,14.1,28,,,,35.5,,1011.6,
2019-07-21 00:00:00,21.5,13.5,32.4,,,,27.1,,1012,
2019-07-22 00:00:00,24.9,15.6,36.5,,,,22.4,,1012.9,
2019-07-23 00:00:00,23.1,15.7,34.2,,,,32.5,,1014.2,
2019-07-24 00:00:00,26.7,14.1,39.2,,,,17.7,,1013.9,
2019-07-25 00:00:00,26.2,17.8,36.9,,,,23.3,,1012.2,
2019-07-26 00:00:00,21.7,14.7,32.5,,,,32.1,,1014.6,
2019-07-27 00:00:00,26,13.7,41.1,,,,16.8,,1015.1,
2019-07-28 00:00:00,27.9,18.8,39.1,,,,20.7,,1011.8,
2019-07-29 00:00:00,21,14.6,29.6,,,,39.5,,1011.2,
2019-07-30 00:00:00,19.8,13.8,29.2,,,,33.8,,1012.4,
2019-07-31 00:00:00,21.7,13.7,34.1,,,,24,,1012.9,
2019-08-01 00:00:00,20.4,14.2,28.9,,,,34.9,,1014.6,
2019-08-02 00:00:00,23.5,15.4,34.3,,,,24.8,,1015.4,
2019-08-03 00:00:00,24.4,15.4,36.7,,,,22.9,,1012.6,
2019-08-04 00:00:00,22.2,14.9,34.4,,,,30.8,,1012.8,
2019-08-05 00:00:00,22.4,14.5,34.6,,,,26,,1013.3,
2019-08-06 00:00:00,22.8,14.6,35.2,,,,26.5,,1011.6,
2019-08-07 00:00:00,20.3,14.6,29.8,,,,36.2,,1011.5,
2019-08-08 00:00:00,19.5,14.2,27.4,,,,38.6,,1012.8,
2019-08-09 00:00:00,21.3,14.5,31,,,,29.1,,1013,
2019-08-10 00:00:00,21.6,16.6,29.1,,,,26.8,,1014.2,
2019-08-11 00:00:00,23.4,14.2,34.3,,,,15.5,,1016.1,
2019-08-12 00:00:00,25.9,16.2,37,,,,17,,1014.3,
2019-08-13 00:00:00,26.9,16.2,39.6,,,,13.7,,1013.7,
2019-08-14 00:00:00,28.8,15.9,41.2,,,,12.4,,1013.7,
2019-08-15 00:00:00,30,18.4,42.2,,,,14.4,,1011.9,
2019-08-16 00:00:00,29.2,19.4,40.2,,,,21.1,,1009.2,
2019-08-17 00:00:00,20.5,15.8,28.3,,,,39.5,,1008,
2019-08-18 00:00:00,19.6,14.6,28.7,,,,33.3,,1010.2,
2019-08-19 00:00:00,19.3,14.2,27.4,,,,33.7,,1013.4,
2019-08-20 00:00:00,20.3,14.8,30.4,,,,33.1,,1014.5,
2019-08-21 00:00:00,24.3,15.5,35.4,,,,23.4,,1012.6,
2019-08-22 00:00:00,27.7,19,37.8,,,,16,,1007.7,
2019-08-23 00:00:00,24,16.9,34.4,,,,27.6,,1007.4,
2019-08-24 00:00:00,23.8,15.1,35.3,,,,31.6,,1011.7,
2019-08-25 00:00:00,25.8,17.1,37.9,,,,27.2,,1013.5,
2019-08-26 00:00:00,26.2,16,39.1,,,,20.8,,1010.9,
2019-08-27 00:00:00,24.4,17,36.2,,,,29.1,,1008.6,
2019-08-28 00:00:00,21,15.7,28.6,,,,41.8,,1011,
2019-08-29 00:00:00,22.1,17.4,29.9,,,,37.6,,1014.8,
2019-08-30 00:00:00,23.4,14.5,35.7,,,,16.8,,1015.2,
2019-08-31 00:00:00,25.6,16.2,38,,,,16.9,,1012.8,
2019-09-01 00:00:00,26.5,17,38.1,,,,15.9,,1012.1,
2019-09-02 00:00:00,24.5,17.9,35.3,,,,23.9,,1012.8,
2019-09-03 00:00:00,22.3,14.7,33.9,,,,28.6,,1013.3,
2019-09-04 00:00:00,24.6,15.6,37.1,,,,17,,1011,
2019-09-05 00:00:00,20.9,15.1,30.3,,,,35.2,,1013.3,
2019-09-06 00:00:00,21,14.9,32.1,,,,28.7,,1016.8,
2019-09-07 00:00:00,18.6,14.6,25,,,,38.1,,1014.9,
2019-09-08 00:00:00,20.9,10.6,30.7,,,,14.7,,1014.5,
2019-09-09 00:00:00,21.2,14.2,31.8,,,,22.9,,1012.4,
2019-09-10 00:00:00,20.6,12.1,30.7,,,,17.1,,1012.1,
2019-09-11 00:00:00,22.4,12.6,34.3,,,,10,,1016.1,
2019-09-12 00:00:00,23.8,13.1,35,,,,12.1,,1016.3,
2019-09-13 00:00:00,25.2,12.8,39.3,,,,5.1,,1015,
2019-09-14 00:00:00,25.6,12.6,38.3,,,,13.8,,1012.5,
2019-09-15 00:00:00,20.1,14.7,28.7,,,,33.9,,1010.2,
2019-09-16 00:00:00,20.3,15,27.3,,,,23.2,,1012.9,
2019-09-17 00:00:00,19.1,9.4,28.8,,,,14.4,,1016.4,
2019-09-18 00:00:00,20,,,,,,20.2,,1013.7,
2019-09-19 00:00:00,18.4,8.2,28.3,,,,8.5,,1013.9,
2019-09-20 00:00:00,20.8,10.5,30.7,,,,11.1,,1013.7,
2019-09-21 00:00:00,21.5,,,,,,9.4,,1013.6,
2019-09-22 00:00:00,21,9.7,32.3,,,,13.5,,1012.5,
2019-09-23 00:00:00,23.4,13.9,33.4,,,,19.3,,1013.9,
2019-09-24 00:00:00,29.2,21.1,38.5,,,,20.2,,1013.7,
2019-09-25 00:00:00,28.7,19.2,39,,,,15.9,,,
2019-09-26 00:00:00,22.9,19,28,,,,28.7,,1010.4,
2019-09-27 00:00:00,18.3,13,23,,,,30.1,,,
2019-09-28 00:00:00,17.1,11,26,,,,24.4,,1007.3,
2019-09-29 00:00:00,14.4,6,23,,,,18,,1012.9,
2019-09-30 00:00:00,14.6,8,23,,,,13.8,,1014.7,
2019-10-01 00:00:00,14.4,4,25.3,,,,12.3,,,
2019-10-02 00:00:00,15.8,4.7,28,,,,8.7,,1016.2,
2019-10-03 00:00:00,16.8,9.5,26.4,,,,19.5,,1014.8,
2019-10-04 00:00:00,15.7,6.1,26.4,,,,15.8,,1019.5,
2019-10-05 00:00:00,17.3,6,29.4,,,,10.2,,1019.3,
2019-10-06 00:00:00,18.8,9.1,31.1,,,,10.1,,1017,
2019-10-07 00:00:00,20.3,9.3,34.2,,,,6.4,,1014.7,
2019-10-08 00:00:00,20,7.9,32.3,,,,11.7,,1010.9,
2019-10-09 00:00:00,18.5,9.2,25.6,,,,21.3,,1011.9,
2019-10-10 00:00:00,17.8,6.7,26.4,,,,24.6,,1015.2,
2019-10-11 00:00:00,14.7,4.9,26.8,,,,10.1,,1016.4,
2019-10-12 00:00:00,14.6,2.5,28.9,,,,6.6,,1013.2,
2019-10-13 00:00:00,15.4,,,,,,10.1,,,
2019-10-14 00:00:00,16,,,,,,13.2,,1014,
2019-10-15 00:00:00,16.4,4.6,29.3,,,,7.2,,1017.6,
2019-10-16 00:00:00,15.4,9.7,24.8,,,,19.9,,1014.4,
2019-10-17 00:00:00,17.5,10.9,26.1,,,,14.3,,1013.5,
2019-10-18 00:00:00,14.7,7.2,24,,,,19.7,,1017.3,
2019-10-19 00:00:00,16,10.6,23.2,,,,24.9,,1017.7,
2019-10-20 00:00:00,16.9,8.3,27.8,,,,8,,1019.5,
2019-10-21 00:00:00,19.7,8.8,31.1,,,,9.2,,1020.6,
2019-10-22 00:00:00,19.5,8.5,31.2,,,,7.9,,1020.9,
2019-10-23 00:00:00,22.3,11.6,31.9,,,,17,,1015.6,
2019-10-24 00:00:00,24.1,13.6,33.1,,,,25.1,,1017.2,
2019-10-25 00:00:00,18.2,6.2,33,,,,4,,1018.4,
2019-10-26 00:00:00,17.2,6.7,32.1,,,,4.6,,1011.1,
2019-10-27 00:00:00,16.5,11.6,21.2,,,,46.5,,1011.8,
2019-10-28 00:00:00,14.6,6.1,23.6,,,,15,,1017.2,
2019-10-29 00:00:00,13,1.8,21.9,,,,20,,1014.8,
2019-10-30 00:00:00,13.8,5.5,22.1,,,,21.5,,1021.2,
2019-10-31 00:00:00,10.8,-0.6,24.4,,,,10.2,,1023.5,
2019-11-01 00:00:00,10.3,-0.8,25,,,,5.4,,1021.5,
2019-11-02 00:00:00,12.3,1.9,26.3,,,,6.3,,1020.2,
2019-11-03 00:00:00,13.1,1.9,28.7,,,,3.2,,1016.4,
2019-11-04 00:00:00,14,3.8,28,,,,4.4,,1015.8,
2019-11-05 00:00:00,14.5,3.5,28.7,,,,4.6,,1017.2,
2019-11-06 00:00:00,15.1,6.4,27.6,,,,6.6,,1016.2,
2019-11-07 00:00:00,14.4,3.4,27.2,,,,7.4,,1019.2,
2019-11-08 00:00:00,14.5,5.4,28.5,,,,10.5,,1021.8,
2019-11-09 00:00:00,14.4,4.5,27.7,,,,10.5,,1019.9,
2019-11-10 00:00:00,15.4,6.2,27.9,,,,8,,1017.6,
2019-11-11 00:00:00,15.2,5.6,27.4,,,,4.9,,1017.7,
2019-11-12 00:00:00,14.5,6.8,26.2,,,,7.7,,1018.2,
2019-11-13 00:00:00,14.6,6.7,24.4,,,,6.1,,1015.7,
2019-11-14 00:00:00,14.6,11.5,19.8,,,,23.3,,1018.3,
2019-11-15 00:00:00,15.1,8.4,23.3,,,,10.2,,1022,
2019-11-16 00:00:00,14.6,7.2,26.1,,,,8.9,,1020.4,
2019-11-17 00:00:00,13.3,5.6,25.4,,,,6,,1019.2,
2019-11-18 00:00:00,14.2,4.7,26.4,,,,5.9,,1014.3,
2019-11-19 00:00:00,15.7,10.6,23.7,,,,18.2,,1005.8,
2019-11-20 00:00:00,17,12.1,21.7,,,,35.9,,1000.8,
2019-11-21 00:00:00,11.4,4.2,20.8,,,,8.9,,1012.3,
2019-11-22 00:00:00,10.5,2.9,22.2,,,,5.1,,1021.8,
2019-11-23 00:00:00,10.8,2.5,22.8,,,,4.3,,1023.2,
2019-11-24 00:00:00,9.7,0.6,22.7,,,,5,,1021.4,
2019-11-25 00:00:00,10.4,0.6,19,,,,15.9,,1018.6,
2019-11-26 00:00:00,8.8,5.6,11.6,,,,18.7,,1011.5,
2019-11-27 00:00:00,7,2.1,11.7,,,,18.5,,1000.1,
2019-11-28 00:00:00,4.7,1.1,10.6,,,,14.2,,1003.6,
2019-11-29 00:00:00,5.3,0.5,13.4,,,,14,,1010.3,
2019-11-30 00:00:00,5.2,0.6,8.4,,,,21.7,,1016.7,
2019-12-01 00:00:00,9.9,7.8,12,,,,22.4,,1013.8,
2019-12-02 00:00:00,9.9,8.1,11,,,,19.7,,1019.5,
2019-12-03 00:00:00,12.1,,,,,,13,,1018.7,
2019-12-04 00:00:00,11.3,10,12.5,,,,12.9,,1013.1,
2019-12-05 00:00:00,12.8,11.7,14.9,,,,8.6,,1018.4,
2019-12-06 00:00:00,13.2,10.2,17.2,,,,6.6,,1016.7,
2019-12-07 00:00:00,14.1,12.1,18.5,,,,19.4,,1013.9,
2019-12-08 00:00:00,13.1,8.1,19.9,,,,5.5,,1017.1,
2019-12-09 00:00:00,9.9,6.2,17,,,,9.7,,1022.2,
2019-12-10 00:00:00,9.6,5.6,12.7,,,,6.4,,1024.8,
2019-12-11 00:00:00,11.1,,,,,,5,,1024.2,
2019-12-12 00:00:00,13.8,11.3,19.5,,,,9.7,,1025.4,
2019-12-13 00:00:00,13,11.7,14.9,,,,10.1,,1022.3,
2019-12-14 00:00:00,11.8,8.1,17.6,,,,17.3,,1017.5,
2019-12-15 00:00:00,8.3,1.8,16.6,,,,6.6,,1022.9,
2019-12-16 00:00:00,5.7,-0.3,14.2,,,,8.9,,1027.6,
2019-12-17 00:00:00,6.7,3.2,12.1,,,,18.4,,1023.5,
2019-12-18 00:00:00,7.5,6.3,10.6,,,,18.3,,1017.9,
2019-12-19 00:00:00,9.8,7.1,15.6,,,,5.1,,1023.7,
2019-12-20 00:00:00,8.7,5.5,14.4,,,,4.7,,1023.9,
2019-12-21 00:00:00,7.1,4.7,10.6,,,,1,,1015.8,
2019-12-22 00:00:00,7.3,1.8,12,,,,10.5,,1008.9,
2019-12-23 00:00:00,6,0.1,15.8,,,,8.4,,1012.7,
2019-12-24 00:00:00,6.2,2,12.4,,,,8.7,,1013.2,
2019-12-25 00:00:00,7.6,4.8,10.9,,,,16.3,,1011.4,
2019-12-26 00:00:00,10.9,6.8,16.2,,,,18.1,,1013.5,
2019-12-27 00:00:00,7,-1,17.9,,,,6.1,,1018.4,
2019-12-28 00:00:00,6.2,,,,,,4.9,,1021.4,
2019-12-29 00:00:00,7.2,,,,,,9,,1019.9,
2019-12-30 00:00:00,9.9,2.1,19.6,,,,8.9,,1020.2,
2019-12-31 00:00:00,9.6,2.6,16.4,,,,7.2,,1021.3,
2020-01-01 00:00:00,8.4,4.3,16.1,,,,3.7,,1020.8,
2020-01-02 00:00:00,9.4,2.7,21,,,,4.1,,1020.9,
2020-01-03 00:00:00,7.6,3.2,14.7,,,,8.2,,1024.4,
2020-01-04 00:00:00,9.6,3.5,16.8,,,,10.2,,1029,
2020-01-05 00:00:00,9,1.6,19,,,,8.3,,1033.8,
2020-01-06 00:00:00,6.9,1.7,15.8,,,,5.3,,1032.3,
2020-01-07 00:00:00,5.5,-0.2,13.6,,,,7.8,,1023.5,
2020-01-08 00:00:00,8.3,5,14.2,,,,8.8,,1020.4,
2020-01-09 00:00:00,8.1,3.1,13,,,,15.4,,1019.2,
2020-01-10 00:00:00,7.2,-0.3,13.9,,,,8.7,,1026.1,
2020-01-11 00:00:00,10.2,3.4,17.7,,,,11.4,,1024.2,
2020-01-12 00:00:00,7.2,2,13.7,,,,15.6,,1022.5,
2020-01-13 00:00:00,9.6,5.2,13.9,,,,18.6,,1022,
2020-01-14 00:00:00,8.9,4.3,14.2,,,,18,,1022.5,
2020-01-15 00:00:00,5.6,0.9,11.5,,,,5.6,,1018.3,
2020-01-16 00:00:00,7,4.3,9.5,,,,17.6,,1011.9,
2020-01-17 00:00:00,4.1,0.2,8.8,,,,6.2,,1026.4,
2020-01-18 00:00:00,6.5,1.4,13,,,,10.7,,1027.9,
2020-01-19 00:00:00,5,2.4,8.4,,,,10.3,,1022.8,
2020-01-20 00:00:00,6.6,3.9,10.9,,,,2.6,,1018.4,
2020-01-21 00:00:00,9.6,3.3,14,,,,6.5,,1020.4,
2020-01-22 00:00:00,11.4,6.4,18.1,,,,5.6,,1024.8,
2020-01-23 00:00:00,8.9,4.1,14.5,,,,3.9,,1023.8,
2020-01-24 00:00:00,12.2,6.1,22,,,,9.2,,1021.6,
2020-01-25 00:00:00,12.6,8.5,16.3,,,,4.5,,1021.1,
2020-01-26 00:00:00,13.7,8.8,19.7,,,,19,,1023,
2020-01-27 00:00:00,12.4,8.9,19.2,,,,22.8,,1028.3,
2020-01-28 00:00:00,11.6,6.9,17.1,,,,13.5,,1027.2,
2020-01-29 00:00:00,11.2,3.7,22.4,,,,6.3,,1024.4,
2020-01-30 00:00:00,11.7,7.6,20.8,,,,10.2,,1024.4,
2020-01-31 00:00:00,10.9,5.4,20.1,,,,5.4,,1027.2,
2020-02-01 00:00:00,10.1,3.2,20.9,,,,2.8,,1025.9,
2020-02-02 00:00:00,10.2,3.2,17.4,,,,15.8,,1019.1,
2020-02-03 00:00:00,6.5,-1.3,13.8,,,,23.2,,1021.6,
2020-02-04 00:00:00,8.1,3.6,14.6,,,,19.4,,1025,
2020-02-05 00:00:00,8.6,0,19.5,,,,2.2,,1024.6,
2020-02-06 00:00:00,8.9,0.8,18.7,,,,4.5,,1022.2,
2020-02-07 00:00:00,9.7,2,20.4,,,,6.7,,1021.1,
2020-02-08 00:00:00,10.4,3.7,18.5,,,,15.9,,1017.9,
2020-02-09 00:00:00,12.4,8.7,17.4,,,,40.9,,1017.4,
2020-02-10 00:00:00,16.5,9.9,23.5,,,,27.7,,1017.1,
2020-02-11 00:00:00,16.8,6.5,25.1,,,,16.7,,1018.1,
2020-02-12 00:00:00,10.5,1.4,21.4,,,,9.8,,1017.8,
2020-02-13 00:00:00,9.8,3.3,16.3,,,,19.1,,1018.3,
2020-02-14 00:00:00,10.5,4,19.8,,,,12.8,,1019.9,
2020-02-15 00:00:00,11.6,3.5,20.3,,,,8.5,,1022.7,
2020-02-16 00:00:00,12.6,8.3,21.3,,,,20.1,,1022.1,
2020-02-17 00:00:00,14.3,7.3,22.9,,,,21,,1018.9,
2020-02-18 00:00:00,11.8,4.2,23,,,,6.4,,1017.7,
2020-02-19 00:00:00,9.4,0.2,20.9,,,,6.9,,1019.7,
2020-02-20 00:00:00,10.6,2.8,20.5,,,,10.7,,1020.7,
2020-02-21 00:00:00,12.3,2.1,24.3,,,,6.8,,1018,
2020-02-22 00:00:00,11.7,3.1,20.5,,,,19.6,,1015.9,
2020-02-23 00:00:00,12,6.2,20.5,,,,14.5,,1025.6,
2020-02-24 00:00:00,12.7,2.1,25.3,,,,10,,1027.4,
2020-02-25 00:00:00,17.3,,,,,,13.5,,1025.2,
2020-02-26 00:00:00,13.2,4.1,24.6,,,,6.3,,,
2020-02-27 00:00:00,13.3,3.5,26.1,,,,4.9,,,
2020-02-28 00:00:00,14,5.2,24.6,,,,8.3,,1020.1,
2020-02-29 00:00:00,12.2,8,18.4,,,,29.9,,1016,
2020-03-01 00:00:00,11.6,5.7,16.6,,,,22.8,,1015.7,
2020-03-02 00:00:00,16.1,9.9,23.2,,,,32.2,,1017.4,
2020-03-03 00:00:00,16.3,5.3,25.5,,,,14.2,,1016.7,
2020-03-04 00:00:00,14.3,4.4,27,,,,8.3,,1018.4,
2020-03-05 00:00:00,13.9,9.5,20.6,,,,27.7,,1019.3,
2020-03-06 00:00:00,12.3,10.2,16.5,,,,27.6,,1015.3,
2020-03-07 00:00:00,10.1,5.7,15.1,,,,15.5,,1014,
2020-03-08 00:00:00,9.4,3.5,15.9,,,,6.9,,1016.4,
2020-03-09 00:00:00,12.5,6,21,,,,6.7,,1019.6,
2020-03-10 00:00:00,14.1,3.8,25.6,,,,10.4,,1016.8,
2020-03-11 00:00:00,15.3,6.2,25.9,,,,8.2,,1017.1,
2020-03-12 00:00:00,15.8,5.9,27,,,,14.8,,1011,
2020-03-13 00:00:00,12.7,9.6,18.1,,,,31.4,,1007.3,
2020-03-14 00:00:00,9.8,8.2,12.1,,,,21,,1014.5,
2020-03-15 00:00:00,9.5,7.1,13.4,,,,17.4,,1014.6,
2020-03-16 00:00:00,6.9,4.6,9.3,,,,9.6,,1014.7,
2020-03-17 00:00:00,8.7,4.6,15.1,,,,7.4,,1015.3,
2020-03-18 00:00:00,9.7,7,13.7,,,,3.6,,1013.1,
2020-03-19 00:00:00,10.9,2.1,18.5,,,,2.6,,1017.2,
2020-03-20 00:00:00,10.2,1.9,19,,,,7.5,,1022.7,
2020-03-21 00:00:00,10.7,3.6,18.7,,,,6.1,,1021.2,
2020-03-22 00:00:00,12.2,4.5,22.1,,,,7.9,,1018.7,
2020-03-23 00:00:00,11.3,6.8,15.5,,,,25.5,,1018.5,
2020-03-24 00:00:00,9,4.9,14.2,,,,14.6,,1020.7,
2020-03-25 00:00:00,7.1,0.6,15,,,,12.9,,1018.5,
2020-03-26 00:00:00,8.3,-0.8,16.8,,,,9.2,,1018.2,
2020-03-27 00:00:00,9.6,3.8,16.9,,,,25.8,,1020.1,
2020-03-28 00:00:00,10.5,7,14.6,,,,11.1,,1022.6,
2020-03-29 00:00:00,12.3,8.7,17.2,,,,6.5,,1020.8,
2020-03-30 00:00:00,13.1,8.8,19.2,,,,16.1,,1025.4,
2020-03-31 00:00:00,14.6,9.9,21.9,,,,24.3,,1021.6,
2020-04-01 00:00:00,12.1,4.5,19.8,,,,12.8,,1015.7,
2020-04-02 00:00:00,12.8,3.3,22.3,,,,17.6,,1018.2,
2020-04-03 00:00:00,11.9,3.3,21,,,,17,,1017.1,
2020-04-04 00:00:00,10.4,6.8,15.4,,,,24.8,,1011.3,
2020-04-05 00:00:00,10.7,7.6,12.8,,,,15.6,,1005.4,
2020-04-06 00:00:00,7.8,3.2,14.2,,,,10.8,,1012.3,
2020-04-07 00:00:00,11.8,2.9,20.6,,,,5.4,,1018.5,
2020-04-08 00:00:00,12.5,7.9,18.5,,,,21,,1014,
2020-04-09 00:00:00,13.1,9,17.7,,,,13.1,,1017.3,
2020-04-10 00:00:00,14.9,6.9,22.3,,,,13.1,,1017.3,
2020-04-11 00:00:00,13,9.4,18.1,,,,29.9,,1016.3,
2020-04-12 00:00:00,15.4,11,23.7,,,,18.2,,1016.4,
2020-04-13 00:00:00,16.2,9.8,25.7,,,,20.7,,1019.6,
2020-04-14 00:00:00,17.8,6.8,28.4,,,,15.6,,,
2020-04-15 00:00:00,18.2,6.8,29.7,,,,10.8,,1017.6,
2020-04-16 00:00:00,16.1,11.5,25,,,,24.9,,1012.1,
2020-04-17 00:00:00,13.6,10.5,18.5,,,,34,,1013.1,
2020-04-18 00:00:00,14.5,10.3,19.9,,,,22.5,,1017.7,
2020-04-19 00:00:00,13.8,7.7,20.4,,,,21.1,,1018.2,
2020-04-20 00:00:00,14.1,10.2,19.6,,,,26.7,,1018.9,
2020-04-21 00:00:00,15.7,7.9,25.6,,,,24,,1022.2,
2020-04-22 00:00:00,18.6,10.1,28.9,,,,21.4,,1023.6,
2020-04-23 00:00:00,20.7,12.2,31.7,,,,16.3,,1021.5,
2020-04-24 00:00:00,22,10.6,33.2,,,,13.4,,1018.4,
2020-04-25 00:00:00,22.3,13.3,32.4,,,,13.4,,1016.4,
2020-04-26 00:00:00,19.5,12,28.7,,,,26,,1015.7,
2020-04-27 00:00:00,20.5,11.7,30.3,,,,20.4,,1018.2,
2020-04-28 00:00:00,22.5,13.7,33.2,,,,16.8,,1017.1,
2020-04-29 00:00:00,17.9,12.9,25.9,,,,37.1,,1014.8,
2020-04-30 00:00:00,18.9,,,,,,26.8,,1017.3,
2020-05-01 00:00:00,17.9,9.4,27.9,,,,26,,1017.3,
2020-05-02 00:00:00,16.9,11.2,24.1,,,,26.2,,1019.1,
2020-05-03 00:00:00,16.5,6.1,25.8,,,,16.9,,1020.7,
2020-05-04 00:00:00,18.4,7.2,30.3,,,,13.8,,1020.5,
2020-05-05 00:00:00,18.2,11.4,28.1,,,,27.1,,1018.9,
2020-05-06 00:00:00,19.3,7.5,30.9,,,,16.5,,1020.5,
2020-05-07 00:00:00,22.3,9.9,35.2,,,,14.3,,1014.2,
2020-05-08 00:00:00,24,9.6,37.1,,,,10.2,,1011.2,
2020-05-09 00:00:00,19.1,12.7,29.8,,,,29.5,,1011.1,
2020-05-10 00:00:00,16.1,11.4,24.1,,,,40.6,,1011.5,
2020-05-11 00:00:00,15.9,12,24.9,,,,20.5,,1013.8,
2020-05-12 00:00:00,15.6,11.4,21,,,,19.9,,1015.3,
2020-05-13 00:00:00,14.3,9,20,,,,17.5,,1017.8,
2020-05-14 00:00:00,15.6,11.2,21.1,,,,17.1,,1019.6,
2020-05-15 00:00:00,18.7,11,28.3,,,,16.6,,1018.2,
2020-05-16 00:00:00,19.1,13.5,26.3,,,,28.9,,1013.3,
2020-05-17 00:00:00,18.4,14.7,24.4,,,,24.5,,1010.1,
2020-05-18 00:00:00,16,11.3,21.8,,,,19.8,,1012.8,
2020-05-19 00:00:00,16.5,10.7,23.6,,,,15.2,,1016.4,
2020-05-20 00:00:00,17.8,10.4,26.1,,,,17.4,,1019.1,
2020-05-21 00:00:00,20.2,11.5,29.5,,,,20.2,,1015.8,
2020-05-22 00:00:00,19,11,27.7,,,,18.9,,1012.6,
2020-05-23 00:00:00,21.2,10.6,31,,,,18.7,,1013.4,
2020-05-24 00:00:00,23.4,11.6,34.9,,,,17.5,,1013.7,
2020-05-25 00:00:00,26.8,13.5,38.1,,,,12.5,,1011.5,
2020-05-26 00:00:00,28.7,17.1,39.8,,,,14.6,,1010.7,
2020-05-27 00:00:00,28.6,19.2,38.5,,,,18.5,,1010.5,
2020-05-28 00:00:00,23.3,14.1,36.7,,,,28.9,,1010.5,
2020-05-29 00:00:00,18.1,13.4,26.1,,,,45.2,,1009.6,
2020-05-30 00:00:00,19.5,14.9,25.5,,,,18.4,,1013.3,
2020-05-31 00:00:00,19.3,13.8,25.8,,,,22.4,,1014.3,
2020-06-01 00:00:00,21.7,14.3,31.5,,,,19.2,,1014.7,
2020-06-02 00:00:00,26.1,14.7,37.1,,,,12.8,,1014.4,
2020-06-03 00:00:00,28.5,16,39.5,,,,12.5,,1013,
2020-06-04 00:00:00,26.9,15.5,39.7,,,,15,,1007.1,
2020-06-05 00:00:00,17.7,13,24.5,,,,42.6,,1006.2,
2020-06-06 00:00:00,17.5,11.9,25.1,,,,34.8,,1012.3,
2020-06-07 00:00:00,18.2,10.8,25.5,,,,15.9,,1018.3,
2020-06-08 00:00:00,21.3,14.4,29.9,,,,22.6,,1021.3,
2020-06-09 00:00:00,23.6,10.6,34.5,,,,13.9,,1019.9,
2020-06-10 00:00:00,25.6,14.9,36.9,,,,16.5,,1015.8,
2020-06-11 00:00:00,23.2,15,34.6,,,,27.1,,1013.8,
2020-06-12 00:00:00,18.6,13.2,24.2,,,,34.6,,1015.6,
2020-06-13 00:00:00,18,12.2,25.3,,,,27,,1017.2,
2020-06-14 00:00:00,21.1,12.4,30.3,,,,17.9,,1015.5,
2020-06-15 00:00:00,21.1,16.1,29,,,,30.8,,1014.3,
2020-06-16 00:00:00,20.1,12.3,28,,,,19.5,,1014.6,
2020-06-17 00:00:00,23.4,12.8,32.1,,,,20.6,,1014.3,
2020-06-18 00:00:00,25.4,12.4,36.2,,,,15.3,,1011.6,
2020-06-19 00:00:00,22.7,15.3,33.3,,,,31.5,,1010.4,
2020-06-20 00:00:00,19.4,12.6,29.6,,,,40,,1012.6,
2020-06-21 00:00:00,23.5,15.2,35.2,,,,26.2,,1012.4,
2020-06-22 00:00:00,23.1,14.1,35.9,,,,29.7,,1011.8,
2020-06-23 00:00:00,22.2,14.6,33.7,,,,37,,1010.4,
2020-06-24 00:00:00,22.5,13.9,34.6,,,,33.1,,1007.5,
2020-06-25 00:00:00,22.4,14.5,33.5,,,,34.4,,1006.4,
2020-06-26 00:00:00,22.6,15,33.7,,,,37.2,,1009,
2020-06-27 00:00:00,19,13.6,27.4,,,,46.6,,1007.6,
2020-06-28 00:00:00,19,13.1,26.8,,,,38.1,,1004.9,
2020-06-29 00:00:00,22.5,12,32.7,,,,20.2,,1010,
2020-06-30 00:00:00,24.3,15.8,34.1,,,,22.3,,1011.4,
2020-07-01 00:00:00,21.3,13.6,32.4,,,,28.2,,1008.4,
2020-07-02 00:00:00,18.8,12.8,28.2,,,,36.5,,1010.4,
2020-07-03 00:00:00,19.5,12.5,30.1,,,,32.3,,1014.7,
2020-07-04 00:00:00,24.4,13,36.7,,,,17,,1015.4,
2020-07-05 00:00:00,25.2,15.7,36,,,,24.8,,1013.5,
2020-07-06 00:00:00,21.7,14.7,30.5,,,,34.4,,1011.7,
2020-07-07 00:00:00,22.6,12.6,33.3,,,,19.7,,1012.6,
2020-07-08 00:00:00,24,14.5,35.2,,,,22.1,,1010.4,
2020-07-09 00:00:00,24.4,13.4,37.7,,,,21.6,,1010.8,
2020-07-10 00:00:00,26,15.4,37.9,,,,22.8,,1013.8,
2020-07-11 00:00:00,27.1,15.3,40.4,,,,20.3,,1014.2,
2020-07-12 00:00:00,26.6,15,39.8,,,,22.9,,1011.1,
2020-07-13 00:00:00,21.4,14.8,30,,,,37.4,,1009.2,
2020-07-14 00:00:00,20,13.5,29.9,,,,35.8,,1011,
2020-07-15 00:00:00,20.8,13.6,31.9,,,,37.2,,1010.8,
2020-07-16 00:00:00,20.3,13.8,29.6,,,,40.7,,1010.5,
2020-07-17 00:00:00,20.3,13.3,30.2,,,,37.3,,1012.3,
2020-07-18 00:00:00,23.1,14.4,35.4,,,,28,,1013.2,
2020-07-19 00:00:00,20.5,13.8,29.3,,,,42.5,,1012.6,
2020-07-20 00:00:00,19,13.1,27.8,,,,44.4,,1012.7,
2020-07-21 00:00:00,19.2,13.3,29.3,,,,39.3,,1009.8,
2020-07-22 00:00:00,19.1,13.8,27.9,,,,39.5,,1009,
2020-07-23 00:00:00,20,13.3,30.4,,,,35.1,,1010.4,
2020-07-24 00:00:00,19.8,14.3,29.2,,,,37.1,,1010.6,
2020-07-25 00:00:00,21.5,13.5,34,,,,27.7,,1011.4,
2020-07-26 00:00:00,21.7,13.5,33.7,,,,34.1,,1011.7,
2020-07-27 00:00:00,21.4,13.8,32.5,,,,38.3,,1010.8,
2020-07-28 00:00:00,21.3,,,,,,34.2,,1010.3,
2020-07-29 00:00:00,21.3,12.7,34.6,,,,34.1,,1010.9,
2020-07-30 00:00:00,20.6,13,32.8,,,,36.4,,1013.4,
2020-07-31 00:00:00,20.8,12.6,32.5,,,,36.7,,1013.9,
2020-08-01 00:00:00,22.7,14,34,,,,27.6,,1014.3,
2020-08-02 00:00:00,22.4,13.7,33.9,,,,30.1,,1014.5,
2020-08-03 00:00:00,24.8,16.6,36,,,,25.9,,1014.2,
2020-08-04 00:00:00,21.5,14.8,31.6,,,,35.1,,1012.5,
2020-08-05 00:00:00,19,15,26.6,,,,37,,1012.1,
2020-08-06 00:00:00,21.4,14.3,31.5,,,,23.4,,1011.7,
2020-08-07 00:00:00,23,14.5,36.6,,,,22.4,,1011.9,
2020-08-08 00:00:00,23,15.5,34,,,,29.5,,1012.5,
2020-08-09 00:00:00,25,15.9,37.8,,,,23.2,,1011.6,
2020-08-10 00:00:00,22.8,15.8,34.1,,,,36,,1010.4,
2020-08-11 00:00:00,20.3,15.3,28.7,,,,42.7,,1010.9,
2020-08-12 00:00:00,22.7,13.4,36.4,,,,28.2,,1011.8,
2020-08-13 00:00:00,28.2,16.7,40.4,,,,14.3,,1012.2,
2020-08-14 00:00:00,31.5,22.6,43.3,,,,10.1,,1011.5,
2020-08-15 00:00:00,32.1,22.1,43.2,,,,19.1,,1010.4,
2020-08-16 00:00:00,32.2,24.5,41.2,,,,16.4,,1011.4,
2020-08-17 00:00:00,30.3,22.5,39.7,,,,14.8,,1012.9,
2020-08-18 00:00:00,30.6,20.9,41.1,,,,17.8,,1012.9,
2020-08-19 00:00:00,29.6,23,39.5,,,,19.4,,1011.4,
2020-08-20 00:00:00,,,,,,,,,,
2020-08-21 00:00:00,,,,,,,,,,
2020-08-22 00:00:00,26.4,17.4,39.2,,,,17.4,,1010.2,
2020-08-23 00:00:00,25.6,18.6,33.6,,,,26.1,,1010,
2020-08-24 00:00:00,25.8,19.6,33.9,,,,24.6,,1009.5,
2020-08-25 00:00:00,22.7,16,32.6,,,,34.3,,1009.4,
2020-08-26 00:00:00,19.7,14.4,28.8,,,,39.2,,1008.4,
2020-08-27 00:00:00,19.9,13.1,31.2,,,,29.8,,1008.4,
2020-08-28 00:00:00,20.6,13.5,32.2,,,,30.2,,1007.9,
2020-08-29 00:00:00,20.2,14.3,29.6,,,,32.7,,1009.4,
2020-08-30 00:00:00,20.8,13.3,32.5,,,,23.4,,1009.5,
2020-08-31 00:00:00,20.9,13,32.2,,,,23.9,,1008.9,
2020-09-01 00:00:00,19.5,14,27.9,,,,37.6,,1011.5,
2020-09-02 00:00:00,19.7,14.9,28.7,,,,34.7,,1015.2,
2020-09-03 00:00:00,20,13.5,29.9,,,,33.4,,1015,
2020-09-04 00:00:00,22.5,13.5,36.1,,,,26.9,,1013.8,
2020-09-05 00:00:00,27.5,14.7,41.1,,,,7.5,,1014.2,
2020-09-06 00:00:00,31.2,19.6,44.3,,,,4.9,,1013.5,
2020-09-07 00:00:00,31.3,20.3,45,,,,10.1,,1008,
2020-09-08 00:00:00,28.2,20,35.9,,,,27.3,,1004.1,
2020-09-09 00:00:00,18.9,15.9,22,,,,20.2,,1009.2,
2020-09-10 00:00:00,17.7,13.3,23.5,,,,15.6,,1015.7,
2020-09-11 00:00:00,21.3,12.9,33.2,,,,10.2,,1016.1,
2020-09-12 00:00:00,22.2,12.2,35,,,,5.8,,1013.2,
2020-09-13 00:00:00,20.1,13.6,29.9,,,,20.8,,1012.1,
2020-09-14 00:00:00,19.7,12.5,31.4,,,,25.2,,1014.7,
2020-09-15 00:00:00,21.3,13.1,33.5,,,,20.8,,1016.7,
2020-09-16 00:00:00,22.5,15.2,34.6,,,,23.3,,1015.9,
2020-09-17 00:00:00,22.9,16.5,32.9,,,,20.9,,1014,
2020-09-18 00:00:00,20.8,15.8,29,,,,27,,1014.6,
2020-09-19 00:00:00,22.2,14,32.5,,,,14.3,,1014.3,
2020-09-20 00:00:00,23.7,13.4,35.4,,,,13.8,,1011.7,
2020-09-21 00:00:00,23.2,14.7,33.6,,,,18.5,,1011.9,
2020-09-22 00:00:00,21.5,15.1,31.3,,,,30,,1015.7,
2020-09-23 00:00:00,22,14.8,32.9,,,,24.2,,1017.2,
2020-09-24 00:00:00,22.2,16.2,32.3,,,,29.4,,1015.2,
2020-09-25 00:00:00,21.5,13.1,32.8,,,,20.3,,1015.2,
2020-09-26 00:00:00,23.8,,,,,,11.9,,1015.5,
2020-09-27 00:00:00,27.8,19.4,36.8,,,,22,,1012.1,
2020-09-28 00:00:00,29.1,21.8,37.5,,,,22.2,,1012.7,
2020-09-29 00:00:00,24.3,13.5,37.5,,,,9.2,,1015.3,
2020-09-30 00:00:00,25.1,15,40.9,,,,13.4,,1016.9,
2020-10-01 00:00:00,24.8,16.3,37,,,,6.9,,1014.9,
2020-10-02 00:00:00,23.8,14.9,35.3,,,,5.6,,1014.3,
2020-10-03 00:00:00,24,13,38,,,,5.4,,1012.6,
2020-10-04 00:00:00,23.5,14.2,36.6,,,,13,,1014,
2020-10-05 00:00:00,22.2,10.5,37,,,,8.5,,1015.9,
2020-10-06 00:00:00,22.2,11,36.6,,,,10.5,,1014.8,
2020-10-07 00:00:00,18.4,12.2,27.6,,,,25.5,,1012.1,
2020-10-08 00:00:00,16.5,13.3,23.3,,,,35.4,,,
2020-10-09 00:00:00,18.1,12.9,26,,,,19.5,,1014.1,
2020-10-10 00:00:00,18.4,14.5,24.9,,,,25.2,,1014.6,
2020-10-11 00:00:00,19.6,11,30.4,,,,13.4,,1018.3,
2020-10-12 00:00:00,21,10.9,33.8,,,,8.6,,1019,
2020-10-13 00:00:00,21.4,9.4,35.7,,,,5,,1018.4,
2020-10-14 00:00:00,24.3,13.7,36.7,,,,11.4,,1018.3,
2020-10-15 00:00:00,27.1,17.3,35.1,,,,18.9,,1015.8,
2020-10-16 00:00:00,26.9,18.1,35.8,,,,20.2,,1014.9,
2020-10-17 00:00:00,23.3,10.8,36.7,,,,7.7,,1013.8,
2020-10-18 00:00:00,22,10.6,35.4,,,,7.5,,1015.1,
2020-10-19 00:00:00,22.1,11.4,34.8,,,,9.5,,1014.6,
2020-10-20 00:00:00,21.9,11.6,35.4,,,,10.6,,1011.7,
2020-10-21 00:00:00,22.4,11.9,35.2,,,,7.5,,1009.4,
2020-10-22 00:00:00,19.1,11.5,28.6,,,,15.5,,1010.6,
2020-10-23 00:00:00,15.8,9.1,25.7,,,,20.3,,1014.1,
2020-10-24 00:00:00,15.4,11.2,21.3,,,,30,,1014.2,
2020-10-25 00:00:00,16.5,12.2,22.7,,,,29.1,,1014,
2020-10-26 00:00:00,17.4,12.2,24.4,,,,34.2,,1020.1,
2020-10-27 00:00:00,16,8.9,25.2,,,,11.7,,1019.4,
2020-10-28 00:00:00,13.5,2.9,26.9,,,,5.4,,1019.3,
2020-10-29 00:00:00,14.2,2.4,28.6,,,,4.4,,1018.3,
2020-10-30 00:00:00,14.6,3.7,29.4,,,,6.5,,1017.7,
2020-10-31 00:00:00,14.7,3.8,29.4,,,,3.9,,1019.1,
2020-11-01 00:00:00,14.5,5.2,28.7,,,,7.4,,1020.9,
2020-11-02 00:00:00,16.8,5.3,31.4,,,,6.8,,1018.9,
2020-11-03 00:00:00,16.7,8.1,28.7,,,,13.1,,1017.9,
2020-11-04 00:00:00,17.2,8.5,29.4,,,,7.7,,1022.5,
2020-11-05 00:00:00,18.6,6.4,31.2,,,,8.7,,1018.2,
2020-11-06 00:00:00,14.5,9,20.2,,,,23.7,,1007.2,
2020-11-07 00:00:00,11.8,4.9,19.1,,,,10.4,,,
2020-11-08 00:00:00,11.2,6.7,17.1,,,,19.5,,1009.4,
2020-11-09 00:00:00,9.6,0.9,16.8,,,,16.2,,1021.7,
2020-11-10 00:00:00,9.4,-2.1,20,,,,9.2,,1023.5,
2020-11-11 00:00:00,8.7,1,14.4,,,,13.9,,1019.8,
2020-11-12 00:00:00,8.2,-2.2,20.7,,,,5.6,,1019.2,
2020-11-13 00:00:00,11.4,8.6,15.8,,,,20.5,,1019.7,
2020-11-14 00:00:00,11.4,5.5,19.1,,,,9.9,,1025.1,
2020-11-15 00:00:00,11.7,1.8,23.6,,,,7.2,,1025.1,
2020-11-16 00:00:00,12,4.8,21,,,,13,,1018.4,
2020-11-17 00:00:00,12.4,7.3,19.4,,,,13.5,,1012.6,
2020-11-18 00:00:00,14.2,9,18.7,,,,20.2,,1017.7,
2020-11-19 00:00:00,10.9,5.8,19.3,,,,11.4,,,
2020-11-20 00:00:00,8.8,1.6,20.5,,,,8,,1024.7,
2020-11-21 00:00:00,8,-1.2,19,,,,7.6,,1022.8,
2020-11-22 00:00:00,9.4,-0.1,19.5,,,,11,,1017.9,
2020-11-23 00:00:00,11.4,4.4,20.7,,,,9.7,,1017,
2020-11-24 00:00:00,11.5,3.1,22.9,,,,9.3,,1019.3,
2020-11-25 00:00:00,10.5,3.1,19.3,,,,13.9,,1022.4,
2020-11-26 00:00:00,13.4,3.4,18.3,,,,30.5,,1023.3,
2020-11-27 00:00:00,8.2,0.4,17.6,,,,8.3,,1024.1,
2020-11-28 00:00:00,7.3,-0.3,19.5,,,,8.1,,1024.8,
2020-11-29 00:00:00,6.7,-1.9,19.7,,,,3.6,,1023.4,
2020-11-30 00:00:00,8,-1,20.7,,,,6.3,,1025.3,
2020-12-01 00:00:00,8.8,1.6,21,,,,3.2,,1023.1,
2020-12-02 00:00:00,8.6,-0.4,21.3,,,,7.3,,1020.7,
2020-12-03 00:00:00,8.2,1.2,19.9,,,,7.8,,1025.2,
2020-12-04 00:00:00,8.6,,,,,,4.2,,1025.1,
2020-12-05 00:00:00,8.2,0.7,17.3,,,,9.7,,1024.9,
2020-12-06 00:00:00,11.3,3.5,20.7,,,,11.9,,1025.4,
2020-12-07 00:00:00,17.7,13.7,23.7,,,,29,,1022.3,
2020-12-08 00:00:00,9.7,0.5,20.7,,,,6.1,,1021.9,
2020-12-09 00:00:00,10.3,2.6,20.7,,,,11.8,,1019.4,
2020-12-10 00:00:00,11.2,2.7,22.5,,,,10.7,,,
2020-12-11 00:00:00,8.3,4.3,13,,,,13.8,,1021.4,
2020-12-12 00:00:00,9.3,4.8,15.2,,,,11.6,,1021,
2020-12-13 00:00:00,9.2,4.7,12.8,,,,12.3,,1022,
2020-12-14 00:00:00,8.3,0.8,17.7,,,,4.3,,1025.2,
2020-12-15 00:00:00,7.5,1.8,14.6,,,,4.3,,,
2020-12-16 00:00:00,8,1.9,13.9,,,,4.7,,1024,
2020-12-17 00:00:00,11.4,5.8,17.9,,,,8.5,,1017.9,
2020-12-18 00:00:00,9.6,1.7,16.7,,,,7.4,,,
2020-12-19 00:00:00,6.5,0.6,16,,,,7.2,,1030,
2020-12-20 00:00:00,4.6,-1.3,14,,,,5.2,,1027,
2020-12-21 00:00:00,3.7,-0.1,6.9,,,,6.1,,1020.3,
2020-12-22 00:00:00,7.8,2.4,16.9,,,,10.5,,1022.4,
2020-12-23 00:00:00,4.8,-1.4,11.9,,,,14.4,,1025.6,
2020-12-24 00:00:00,5.6,2.6,11.7,,,,10.6,,1026,
2020-12-25 00:00:00,7.5,2.9,12,,,,6.4,,1020.2,
2020-12-26 00:00:00,11,4.8,18.8,,,,9.9,,,
2020-12-27 00:00:00,8.2,4,15.9,,,,10.2,,1014,
2020-12-28 00:00:00,9,2.9,15.7,,,,13.8,,1011.8,
2020-12-29 00:00:00,7.4,0.6,18.7,,,,10.5,,1024,
2020-12-30 00:00:00,6.8,-2,15.8,,,,13.1,,1026.4,
2020-12-31 00:00:00,9.9,4.7,17.9,,,,10.9,,1022.2,
2021-01-01 00:00:00,5.7,0.5,13.1,,,,4.4,,1022.4,
2021-01-02 00:00:00,8.7,6.5,9.9,,,,7.9,,1025.2,
2021-01-03 00:00:00,10.1,7.8,15.7,0.2,,,11.6,,1024,
2021-01-04 00:00:00,10.8,7.7,15.9,,,,16.6,,1020.8,
2021-01-05 00:00:00,7.6,2.4,16.1,0,,,8.9,,1025.6,
2021-01-06 00:00:00,7,0.6,15.2,,,,4,,1024.5,
2021-01-07 00:00:00,8.4,3.4,16.2,0,,,8.9,,1024.6,
2021-01-08 00:00:00,8,4.1,18.5,0.4,,,11,,1025.8,
2021-01-09 00:00:00,7.5,-0.1,18.6,,,,6.4,,1025.4,
2021-01-10 00:00:00,6,0.4,12.4,0,,,10,,1026.4,
2021-01-11 00:00:00,7.7,0,17,0,,,7,,1025,
2021-01-12 00:00:00,9.4,5,14.9,,,,5.3,,1026.8,
2021-01-13 00:00:00,13.6,9,21,0,,,15.3,,1028.7,
2021-01-14 00:00:00,10.6,4.1,18.3,,,,5,,1027.4,
2021-01-15 00:00:00,9.3,3.7,18.1,,,,6.6,,1026.6,
2021-01-16 00:00:00,14.4,6,25.9,0,,,4.9,,1022,
2021-01-17 00:00:00,12.8,5.6,23.3,0,,,6,,1019.4,
2021-01-18 00:00:00,18.9,12.9,24.7,5.4,,,39.7,,1014.5,
2021-01-19 00:00:00,14.2,9.8,19.4,2.3,,,37.8,,1016.5,
2021-01-20 00:00:00,11.6,3.6,22.6,0,,,6.1,,1019.5,
2021-01-21 00:00:00,8.2,-1.2,18.2,0,,,8.3,,1017.9,
2021-01-22 00:00:00,9,4.7,14,,,,14,,1012.6,
2021-01-23 00:00:00,9,4,17.8,,,,10.6,,1014.6,
2021-01-24 00:00:00,6.9,4.1,10.7,,,,19.4,,1012.1,
2021-01-25 00:00:00,7.1,1.9,14.9,0.1,,,14,,1009.6,
2021-01-26 00:00:00,5,-1.7,10.4,,,,25.2,,1012.2,
2021-01-27 00:00:00,7.3,5,9.5,,,,41.2,,1007.9,
2021-01-28 00:00:00,9.1,7.7,11.7,,,,15.1,,1007.9,
2021-01-29 00:00:00,8.5,5,14.6,,,,7.5,,1013.9,
2021-01-30 00:00:00,10,5.4,16.6,0,,,4.6,,1022.1,
2021-01-31 00:00:00,12,6.2,19,,,,3.7,,1021.5,
2021-02-01 00:00:00,12.3,4.4,18.8,,,,14.1,,1016.7,
2021-02-02 00:00:00,12.4,6.9,18.2,,,,14,,1019.8,
2021-02-03 00:00:00,8.6,2.9,15.6,0,,,16.4,,1023.7,
2021-02-04 00:00:00,11,5.5,18.2,0,,,21.1,,1024.6,
2021-02-05 00:00:00,10.3,2.5,21.4,0,,,5.7,,1023.2,
2021-02-06 00:00:00,9.8,1.8,19.8,0,,,5.7,,1019.8,
2021-02-07 00:00:00,10.3,3.2,22.2,0,,,4.7,,1016.2,
2021-02-08 00:00:00,10.3,3.1,18.2,0,,,8.8,,1015.3,
2021-02-09 00:00:00,12.7,10,18.6,,,,17.2,,1016.5,
2021-02-10 00:00:00,12.6,6.7,20.1,0,,,19.1,,1018.5,
2021-02-11 00:00:00,10.5,8.5,12.8,,,,22.6,,1017.2,
2021-02-12 00:00:00,11.8,5.7,18.5,0,,,16.3,,1016.7,
2021-02-13 00:00:00,12.9,6.1,20,,,,18.7,,1016.2,
2021-02-14 00:00:00,9.4,5.2,13.4,,,,10,,1019.3,
2021-02-15 00:00:00,12,9.3,16.5,,,,21.7,,1018,
2021-02-16 00:00:00,9.4,2.6,15.5,0,,,11.1,,1021,
2021-02-17 00:00:00,9.1,1.7,17.4,0,,,17.7,,1023.2,
2021-02-18 00:00:00,10.7,1.9,18.8,0,,,7.1,,1027.6,
2021-02-19 00:00:00,10.7,7.8,13.9,,,,9.6,,1025.8,
2021-02-20 00:00:00,9.6,4.8,15.1,0.3,,,11.8,,1026.9,
2021-02-21 00:00:00,12,5.9,20.6,0,,,14.7,,1030.1,
2021-02-22 00:00:00,13.2,3.8,21.5,0,,,13.4,,1026.1,
2021-02-23 00:00:00,16.3,6.4,25.4,0,,,22.3,,1020.4,
2021-02-24 00:00:00,15.8,10.1,19.7,0,,,33.5,,1022.1,
2021-02-25 00:00:00,13.3,6.7,22.3,0,,,18.5,,1024.1,
2021-02-26 00:00:00,10.3,0.5,22,0,,,9.7,,1020.7,
2021-02-27 00:00:00,9.6,1.8,18.8,0,,,15.8,,1021.3,
2021-02-28 00:00:00,12.2,3.6,20.6,0,,,13.8,,1022.7,
2021-03-01 00:00:00,10.7,1.2,22.9,0,,,6.2,,1020.3,
2021-03-02 00:00:00,10.9,2.2,23.2,0,,,8.8,,1013.7,
2021-03-03 00:00:00,10.1,2.1,19.4,0,,,19.9,,1009.6,
2021-03-04 00:00:00,11.2,3.6,19.9,0,,,17.7,,1023.2,
2021-03-05 00:00:00,12.3,5.6,20,0.4,,,17.6,,1020.5,
2021-03-06 00:00:00,11.2,5,19.6,2.6,,,14.1,,1020.2,
2021-03-07 00:00:00,10.9,1.8,21.4,0,,,11.8,,1019.3,
2021-03-08 00:00:00,9.8,4.4,14.8,,,,22.9,,1021.6,
2021-03-09 00:00:00,8.9,3.5,14.8,,,,12.2,,1019.6,
2021-03-10 00:00:00,8.1,3,13.9,,,,11.8,,1014.6,
2021-03-11 00:00:00,9.1,3,16.8,0,,,13.3,,1018.3,
2021-03-12 00:00:00,11.5,3.3,21.7,0,,,13.2,,1020.9,
2021-03-13 00:00:00,10.5,6.8,17.4,0,,,33.9,,1024,
2021-03-14 00:00:00,10.1,5.8,15.2,,,,19.6,,1022.1,
2021-03-15 00:00:00,7.1,3.7,12,,,,17.6,,1016.5,
2021-03-16 00:00:00,8.1,1.1,16.7,0,,,11.7,,1018.2,
2021-03-17 00:00:00,8.4,1.7,15.9,1.3,,,10.9,,1020,
2021-03-18 00:00:00,11,8,14,,,,8.5,,1019.6,
2021-03-19 00:00:00,12.3,8,19.4,0.3,,,15.2,,1021.6,
2021-03-20 00:00:00,11,4.2,19.2,0,,,11.7,,1025.1,
2021-03-21 00:00:00,11.5,2.8,21.9,0,,,14.9,,1024.1,
2021-03-22 00:00:00,12.5,6.4,20.8,0,,,21.1,,1020.9,
2021-03-23 00:00:00,13.9,8.7,19.6,0,,,30.2,,1018.7,
2021-03-24 00:00:00,15,9.7,24.4,0,,,17.7,,1016.2,
2021-03-25 00:00:00,13.1,5.7,21.7,0,,,19.1,,1009.2,
2021-03-26 00:00:00,15.5,7.8,24.4,0,,,22.3,,1016.9,
2021-03-27 00:00:00,15.7,6.3,27.6,0,,,11.5,,1024.1,
2021-03-28 00:00:00,16.4,3.9,28,0,,,11.8,,1023.3,
2021-03-29 00:00:00,15.4,8,23.9,0,,,24.3,,1016.5,
2021-03-30 00:00:00,19.2,12.8,26.3,0,,,26,,1016.9,
2021-03-31 00:00:00,19.3,9.9,28.9,0,,,15.4,,1019.6,
2021-04-01 00:00:00,18.1,4.3,31.9,0,,,8.2,,1014.8,
2021-04-02 00:00:00,16.9,9.4,27.8,0,,,24.2,,1015.1,
2021-04-03 00:00:00,12.4,8,19.8,0,,,33.7,,1019.8,
2021-04-04 00:00:00,13.2,7.9,21.7,0,,,18.9,,1021.1,
2021-04-05 00:00:00,12.8,8,20,,,,29.1,,1017,
2021-04-06 00:00:00,13.6,7.4,24,0,,,26.9,,1017,
2021-04-07 00:00:00,12.2,7.8,20.7,0,,,35.9,,1019.9,
2021-04-08 00:00:00,14.8,5.7,24.8,0,,,19.2,,1020.4,
2021-04-09 00:00:00,14,7.9,22.8,0,,,30.8,,1018.4,
2021-04-10 00:00:00,15.2,6.2,25.4,0,,,21.7,,1017.1,
2021-04-11 00:00:00,16.9,8.3,28.9,0,,,19.5,,1011.7,
2021-04-12 00:00:00,16.8,8.5,28.3,0,,,22.4,,1009.5,
2021-04-13 00:00:00,14.2,8.8,22.8,0,,,33.1,,1008.9,
2021-04-14 00:00:00,15,7.9,24.7,0,,,19,,1013.5,
2021-04-15 00:00:00,15,7,24.5,0,,,22.8,,1016.5,
2021-04-16 00:00:00,14.7,6.9,25.5,0,,,28,,1015.2,
2021-04-17 00:00:00,18.7,8,30.6,0,,,23.5,,1016.2,
2021-04-18 00:00:00,19.8,5.4,33.6,0,,,13,,1018.5,
2021-04-19 00:00:00,17,10.1,26.9,0,,,31,,1016.6,
2021-04-20 00:00:00,15.4,9.5,22.9,,,,34.3,,1011.1,
2021-04-21 00:00:00,15.3,10.1,23.7,0,,,29.2,,1009.7,
2021-04-22 00:00:00,13,9.6,18.9,4,,,38.5,,1011.9,
2021-04-23 00:00:00,14.2,8.6,22.7,0.8,,,30.2,,1014.6,
2021-04-24 00:00:00,13.8,9.7,21.1,0.6,,,28.7,,1015.8,
2021-04-25 00:00:00,12.7,9.1,17.4,,,,21.6,,1012.5,
2021-04-26 00:00:00,12.6,4,22.2,0,,,15.2,,1013,
2021-04-27 00:00:00,16.2,5.1,27.5,0,,,14.7,,1015.8,
2021-04-28 00:00:00,19.8,5.4,32.9,0,,,13.4,,1020.9,
2021-04-29 00:00:00,20.8,12.1,32.2,0,,,19.7,,1021.6,
2021-04-30 00:00:00,17.2,11,27.4,0,,,29.7,,1018.8,
2021-05-01 00:00:00,17.2,10,27.1,0,,,33.6,,1014.2,
2021-05-02 00:00:00,20.5,11,30.3,0,,,17.8,,1012.4,
2021-05-03 00:00:00,24.4,14.7,33.3,0,,,21.5,,1012.5,
2021-05-04 00:00:00,23.7,13.4,34.3,0,,,13.1,,1013.2,
2021-05-05 00:00:00,22.5,12,35.4,0,,,19.1,,1012.4,
2021-05-06 00:00:00,16.4,9.3,26.7,0,,,37.6,,1015.2,
2021-05-07 00:00:00,18.3,10,27.9,0,,,20.7,,1016.2,
2021-05-08 00:00:00,24.1,13.4,32.4,0,,,28.7,,1015.5,
2021-05-09 00:00:00,24.9,16,32.9,0,,,21.8,,1012.4,
2021-05-10 00:00:00,23.2,12.2,33.5,0.3,,,20.2,,1010.9,
2021-05-11 00:00:00,23.9,13,36.5,0,,,16.8,,1011.4,
2021-05-12 00:00:00,20.5,12.3,31.8,0,,,27.2,,1013.7,
2021-05-13 00:00:00,16,9.5,25.8,0,,,39,,1014.5,
2021-05-14 00:00:00,15.5,10.3,23.8,0,,,40,,1011.5,
2021-05-15 00:00:00,15.3,10.9,22.7,0,,,31,,1010.9,
2021-05-16 00:00:00,14.8,10.7,21.9,0,,,42.4,,1012.3,
2021-05-17 00:00:00,15,9.8,22.1,0,,,37.5,,1015.7,
2021-05-18 00:00:00,17.9,10.6,27.9,0,,,35.5,,1015.8,
2021-05-19 00:00:00,15.9,9.6,24.3,0,,,34.4,,1013,
2021-05-20 00:00:00,15.4,4.5,22.9,0.1,,,18.2,,1015.5,
2021-05-21 00:00:00,17.6,9,25,0,,,22,,1014.6,
2021-05-22 00:00:00,17.2,7.2,26.4,0,,,21.1,,1016.9,
2021-05-23 00:00:00,17.2,10.6,25.9,0,,,24.8,,1019,
2021-05-24 00:00:00,19.4,10.9,30.2,0,,,26.6,,1018.2,
2021-05-25 00:00:00,20,14.8,27.4,0,,,26.5,,1016.7,
2021-05-26 00:00:00,20.4,11.7,31,0,,,22.9,,1016,
2021-05-27 00:00:00,19,10,29.6,0,,,33.4,,1016.8,
2021-05-28 00:00:00,19.7,12.6,29.3,0,,,29,,1014.8,
2021-05-29 00:00:00,17,10.9,26.6,0,,,40.8,,1011.6,
2021-05-30 00:00:00,21.8,11.6,36,0,,,19.8,,1010.5,
2021-05-31 00:00:00,25.8,14.4,39.8,,,,22.8,,1010.6,
2021-06-01 00:00:00,21.6,15.7,30.9,0,,,38.4,,1011.1,
2021-06-02 00:00:00,18.3,11.3,30.5,0,,,39.5,,1010.1,
2021-06-03 00:00:00,20.9,12,33.6,0,,,32.8,,1008.8,
2021-06-04 00:00:00,20.5,14.5,30.5,0,,,38.7,,1010.3,
2021-06-05 00:00:00,21.1,12.5,32.1,0,,,30.6,,1010.6,
2021-06-06 00:00:00,20.4,13.1,29.4,0,,,34.3,,1008,
2021-06-07 00:00:00,17.4,11.6,24.7,0,,,38.7,,1009.6,
2021-06-08 00:00:00,15.7,10.1,22.7,0,,,34.8,,1015.5,
2021-06-09 00:00:00,15.3,9.5,22.2,0,,,32.2,,1019.3,
2021-06-10 00:00:00,17,8.6,26.7,0,,,19.8,,1022.3,
2021-06-11 00:00:00,18.4,10.7,27.3,0,,,29.4,,1017.7,
2021-06-12 00:00:00,23.2,15.9,32.8,0,,,21.9,,1014.1,
2021-06-13 00:00:00,22.1,15.8,30.5,0,,,31.5,,1012.9,
2021-06-14 00:00:00,21.4,16.8,28.3,0,,,29.3,,1016.1,
2021-06-15 00:00:00,22.5,11.6,33.5,0,,,16.6,,1017.9,
2021-06-16 00:00:00,26.9,13.2,38.5,0,,,10,,1014.1,
2021-06-17 00:00:00,30.1,15.7,43.2,,,,12.3,,1008.3,
2021-06-18 00:00:00,30.2,18.4,43.7,0,,,18.5,,1005.6,
2021-06-19 00:00:00,26.2,18.3,36.4,0,,,30.6,,1005.7,
2021-06-20 00:00:00,22.7,14.1,34.7,0,,,33.6,,1008,
2021-06-21 00:00:00,19.3,13.5,27.9,0,,,42.3,,1011.1,
2021-06-22 00:00:00,20.2,14.9,27.2,0,,,33.4,,1011.7,
2021-06-23 00:00:00,20.7,14.4,29.1,0,,,33.2,,1012.3,
2021-06-24 00:00:00,19.9,13.4,28.9,0,,,38.1,,1014.6,
2021-06-25 00:00:00,19.7,12.4,31,0,,,41.6,,1013.3,
2021-06-26 00:00:00,21.7,13.2,33.8,0,,,34.4,,1010.9,
2021-06-27 00:00:00,20.2,13.6,30,0,,,43.6,,1007,
2021-06-28 00:00:00,20.4,13.6,30.2,0,,,44.1,,1006.4,
2021-06-29 00:00:00,22.8,14.4,33.3,0,,,34.6,,1006.9,
2021-06-30 00:00:00,20.3,14.8,27.8,0,,,42.1,,1008.8,
2021-07-01 00:00:00,19.8,14.9,27.9,0,,,40.7,,1010.7,
2021-07-02 00:00:00,20.5,13.6,31.1,0,,,35.8,,1011.1,
2021-07-03 00:00:00,19.9,12.8,30.8,0,,,40.2,,1011.8,
2021-07-04 00:00:00,20.3,13.7,31.2,0,,,41.1,,1012.6,
2021-07-05 00:00:00,19.7,12.9,31.1,0,,,41.2,,1013.2,
2021-07-06 00:00:00,19.4,12.3,30,0,,,38.4,,1013.3,
2021-07-07 00:00:00,20,12.4,30.4,0,,,38.5,,1010.6,
2021-07-08 00:00:00,24.9,12.8,40.1,0,,,21.9,,1009.1,
2021-07-09 00:00:00,29.4,19.5,41.3,0,,,21.6,,1010.6,
2021-07-10 00:00:00,27.3,15.7,41.6,0,,,28.7,,1011,
2021-07-11 00:00:00,21.2,14.1,31,0,,,42.9,,1009.3,
2021-07-12 00:00:00,18.8,12.6,28.8,1.8,,,44.7,,1009.4,
2021-07-13 00:00:00,17.7,12.3,25.8,1.1,,,42.2,,1010.1,
2021-07-14 00:00:00,19,12.2,29.3,0,,,36.4,,1012,
2021-07-15 00:00:00,18,12.4,27.7,0,,,37.8,,1013.3,
2021-07-16 00:00:00,20.1,12.3,31.6,1.6,,,30.6,,1012.2,
2021-07-17 00:00:00,23.2,13.5,35.5,0,,,25.1,,1012,
2021-07-18 00:00:00,25.1,15.8,37.7,0,,,21.8,,1013.5,
2021-07-19 00:00:00,24.5,16.8,34.9,0,,,30.2,,1014.3,
2021-07-20 00:00:00,20.9,13.5,30.7,0.3,,,38.9,,1013.8,
2021-07-21 00:00:00,22.1,13.9,33.4,0,,,30.8,,1011.5,
2021-07-22 00:00:00,21.6,13.5,32.9,0,,,31.3,,1012.2,
2021-07-23 00:00:00,23.1,13.7,37,0,,,24.9,,1014.1,
2021-07-24 00:00:00,22.5,14.7,34.4,0,,,32.2,,1012.9,
2021-07-25 00:00:00,21.6,13.5,33.6,1.3,,,38.4,,1011.3,
2021-07-26 00:00:00,19.4,13.5,26.3,0,,,40.3,,1011.2,
2021-07-27 00:00:00,25.3,16.1,36.4,0,,,17.4,,1014.6,
2021-07-28 00:00:00,25,15.9,37.8,0,,,24.6,,1014.6,
2021-07-29 00:00:00,24.4,15.9,37.2,0,,,31.1,,1011.7,
2021-07-30 00:00:00,23.3,15.1,38.1,0.3,,,35.7,,1010.6,
2021-07-31 00:00:00,21.5,14.5,31.7,2.7,,,39.7,,1013.8,
2021-08-01 00:00:00,21.1,14,32.1,0,,,37.9,,1015.7,
2021-08-02 00:00:00,22.1,13.6,34.9,0,,,29.8,,1016.9,
2021-08-03 00:00:00,22.4,12.5,36.9,0,,,30.7,,1014.3,
2021-08-04 00:00:00,20,13.1,31.1,0,,,38.1,,1012.3,
2021-08-05 00:00:00,19.1,13.6,27.4,0.5,,,39.7,,1013.7,
2021-08-06 00:00:00,23.8,14.9,35.7,0,,,21.7,,1013,
2021-08-07 00:00:00,22.3,16,32.3,0,,,23.3,,1010.7,
2021-08-08 00:00:00,21.1,14.7,31.7,0,,,34.3,,1009.7,
2021-08-09 00:00:00,22.2,15.2,33.5,0,,,29.7,,1010.5,
2021-08-10 00:00:00,24.1,14.8,38.4,0,,,23.8,,1011.8,
2021-08-11 00:00:00,24.6,17.3,35.4,0.3,,,30.9,,1012.2,
2021-08-12 00:00:00,22.3,15.5,33.2,0,,,37.1,,1012.4,
2021-08-13 00:00:00,21.7,14.8,31,0,,,33.7,,1014.8,
2021-08-14 00:00:00,23.6,15.9,36.3,0,,,31.6,,1015.1,
2021-08-15 00:00:00,22.8,16.1,33.6,0,,,31.1,,1012.1,
2021-08-16 00:00:00,24.2,15.9,35.5,0,,,32.8,,1007,
2021-08-17 00:00:00,21,15.9,29.5,0,,,35.7,,1006.2,
2021-08-18 00:00:00,20.8,15.1,29.2,0,,,25.9,,1009.2,
2021-08-19 00:00:00,20.9,14.9,29.5,0,,,32,,1011.2,
2021-08-20 00:00:00,19.5,13.7,28.2,0,,,29.5,,1009.1,
2021-08-21 00:00:00,18.1,14.7,23.2,0,,,36.6,,1008,
2021-08-22 00:00:00,19.2,13.5,28.5,0,,,29.3,,1008.9,
2021-08-23 00:00:00,18.3,13.4,26.7,0,,,35.4,,1009.6,
2021-08-24 00:00:00,18.6,12.2,28.7,0,,,32.8,,1012.2,
2021-08-25 00:00:00,19.7,12.5,31.1,0,,,30.5,,1014.1,
2021-08-26 00:00:00,24,12.5,38.2,0,,,15.5,,1013,
2021-08-27 00:00:00,26.7,14.9,40.2,0,,,11.9,,1007.7,
2021-08-28 00:00:00,26.9,15.7,40.5,0,,,11.8,,1006.1,
2021-08-29 00:00:00,26.1,16.4,39,0,,,22.9,,1007.2,
2021-08-30 00:00:00,22.5,14.8,35.2,0,,,31.5,,1005.6,
2021-08-31 00:00:00,20.4,14.8,29.5,0,,,36.2,,1004.5,
2021-09-01 00:00:00,16.9,13.4,24,0,,,40.2,,1008.2,
2021-09-02 00:00:00,18.2,12,28,0,,,26.8,,1012.6,
2021-09-03 00:00:00,20.4,11.5,35.2,0,,,20.1,,1013.4,
2021-09-04 00:00:00,22.8,10.7,37.5,0,,,15.8,,1013.1,
2021-09-05 00:00:00,25.6,12,40,0,,,13.2,,1012.8,
2021-09-06 00:00:00,27.8,14.4,41.7,0,,,11.3,,1013,
2021-09-07 00:00:00,27.3,16.6,38.7,0,,,20.9,,1012.4,
2021-09-08 00:00:00,27.8,19.1,41.4,0,,,18.8,,1010.1,
2021-09-09 00:00:00,23.4,18.1,33,0,,,30.2,,1008.4,
2021-09-10 00:00:00,21.3,16.1,30.9,,,,30.7,,1012.7,
2021-09-11 00:00:00,23.4,14.2,35.9,0,,,18.7,,1014.7,
2021-09-12 00:00:00,24.6,14.7,38.3,0,,,19.1,,1012.9,
2021-09-13 00:00:00,25,14.9,37.3,0,,,16,,1010.8,
2021-09-14 00:00:00,24,14.5,38.1,0,,,19.4,,1010.6,
2021-09-15 00:00:00,18.3,12.7,27.4,0,,,39.7,,1010.5,
2021-09-16 00:00:00,17.6,13,25.7,0,,,34.3,,1009.6,
2021-09-17 00:00:00,17.7,12.7,27.1,0,,,31,,1013,
2021-09-18 00:00:00,18,13.5,24.8,0,,,31.3,,1016.6,
2021-09-19 00:00:00,21.2,13.9,29.3,0,,,17.1,,1017.6,
2021-09-20 00:00:00,23.1,13.7,33.7,0,,,16.8,,1015,
2021-09-21 00:00:00,23.9,11.9,36.8,0,,,10.4,,1017.7,
2021-09-22 00:00:00,24.8,16.5,35.9,0,,,22.2,,1017.2,
2021-09-23 00:00:00,24.2,12.1,37.7,0,,,16.6,,1012.4,
2021-09-24 00:00:00,24.4,15.8,36.3,0,,,18,,1011.8,
2021-09-25 00:00:00,19,13.2,29,0,,,36.5,,1013.5,
2021-09-26 00:00:00,17.5,13.3,25.9,0.8,,,36.2,,1014.9,
2021-09-27 00:00:00,18.7,13.4,26.1,0,,,31.5,,1016.2,
2021-09-28 00:00:00,18.4,10.6,28.5,0,,,14.7,,1016.8,
2021-09-29 00:00:00,19.7,10.6,31.3,0,,,16.9,,1015.4,
2021-09-30 00:00:00,20.9,8.6,33,0,,,11,,1015.7,
2021-10-01 00:00:00,20.9,9.1,33.8,0,,,7.7,,1015.1,
2021-10-02 00:00:00,22.3,10.2,35.9,0,,,6.7,,1015.8,
2021-10-03 00:00:00,21.8,11,33.6,0,,,7.1,,1014.4,
2021-10-04 00:00:00,22,10.4,35.5,0,,,9.9,,1012.3,
2021-10-05 00:00:00,18.7,12.9,26.6,0,,,29.6,,1013,
2021-10-06 00:00:00,16.9,12.6,23.8,0,,,29,,1015,
2021-10-07 00:00:00,15.6,10.9,22.2,0,,,25,,1014.8,
2021-10-08 00:00:00,14.7,10.9,21.6,,,,26,,1017.6,
2021-10-09 00:00:00,15.9,7.6,26.1,0.1,,,16.5,,1021.7,
2021-10-10 00:00:00,18.4,6.9,30.4,0,,,14.1,,1018,
2021-10-11 00:00:00,16,9.1,21.3,1.6,,,29.3,,1014.8,
2021-10-12 00:00:00,15.7,9.5,23.3,0,,,26.8,,1017,
2021-10-13 00:00:00,15.4,8.5,25.6,0,,,13.7,,1015.9,
2021-10-14 00:00:00,15.8,6.6,27.3,0,,,11.4,,1018.8,
2021-10-15 00:00:00,15.9,5.2,28.8,0,,,7.5,,1020.6,
2021-10-16 00:00:00,17.4,5.7,30.7,0,,,8.3,,1016.4,
2021-10-17 00:00:00,16.1,10,22.4,,,,25.8,,1012,
2021-10-18 00:00:00,13.1,8,22,,,,11.4,,1016.2,
2021-10-19 00:00:00,12.3,2.9,20.6,,,,9.5,,1016.2,
2021-10-20 00:00:00,14.9,11,19,,,,7.5,,1018.6,
2021-10-21 00:00:00,16.9,13.7,22.1,,,,9.5,,1019,
2021-10-22 00:00:00,16.5,13,20.3,,,,20.5,,1015.6,
2021-10-23 00:00:00,14.4,11.6,18.9,,,,14,,1014,
2021-10-24 00:00:00,14.4,13,16.2,128.5,,,23.5,,1004.3,
2021-10-25 00:00:00,14.7,11.9,18.9,,,,18.7,,1009,
2021-10-26 00:00:00,14.7,11.5,18.9,,,,12.5,,1022.5,
2021-10-27 00:00:00,17.4,13,23.4,0,,,11.8,,1026,
2021-10-28 00:00:00,16.8,11.3,24,0,,,7.6,,1021.3,
2021-10-29 00:00:00,16.4,9.8,25.1,0,,,5.7,,1015.1,
2021-10-30 00:00:00,15.7,12.7,18.9,0.2,,,24.9,,1014,
2021-10-31 00:00:00,14.6,10,21,0,,,10.4,,1016.1,
2021-11-01 00:00:00,14.6,12.8,16,,,,8.1,,1018.3,
2021-11-02 00:00:00,16.5,12.7,22.2,0,,,4.6,,1023.1,
2021-11-03 00:00:00,16.2,9.7,24.8,0,,,5.7,,1021,
2021-11-04 00:00:00,16.5,11.2,22.5,,,,15.2,,1020.4,
2021-11-05 00:00:00,13.3,7.6,20.3,0,,,10.9,,1018.9,
2021-11-06 00:00:00,13.7,11.2,18.9,0,,,11.9,,1020.3,
2021-11-07 00:00:00,10.9,4.8,20.8,0,,,8,,1022.3,
2021-11-08 00:00:00,11.2,4,17.2,,,,5.2,,1018.6,
2021-11-09 00:00:00,13.4,11.1,16.1,,,,15.6,,1021.4,
2021-11-10 00:00:00,14.8,11.5,20.8,0,,,4,,1026.9,
2021-11-11 00:00:00,14.3,8.5,23.3,0,,,3.4,,1025.4,
2021-11-12 00:00:00,11.7,8.7,16,0,,,3.8,,1024.8,
2021-11-13 00:00:00,12.7,10.3,18.1,0,,,5.1,,1023.1,
2021-11-14 00:00:00,12,10.8,13.7,0,,,7.4,,1022.7,
2021-11-15 00:00:00,12.2,10.7,13.5,,,,3.6,,1020.9,
2021-11-16 00:00:00,13.6,7.7,21.4,0,,,9,,1019.4,
2021-11-17 00:00:00,10.6,5.8,18.3,0,,,7.2,,1018.9,
2021-11-18 00:00:00,10.4,6.1,15.3,,,,5.6,,1020.1,
2021-11-19 00:00:00,13.2,10.1,16.6,,,,11.9,,1021.2,
2021-11-20 00:00:00,12.9,6.7,21.5,0,,,5.7,,1022.8,
2021-11-21 00:00:00,11,4.1,20,0,,,12.2,,1024.3,
2021-11-22 00:00:00,9,1.5,19.3,0,,,7.2,,1021.4,
2021-11-23 00:00:00,10.8,4.1,18.3,,,,13.9,,1018.4,
2021-11-24 00:00:00,12.9,4.2,20.3,0,,,16.5,,1022.9,
2021-11-25 00:00:00,8.1,1,18.2,,,,8,,1028.6,
2021-11-26 00:00:00,10.6,2.6,22,0,,,2.7,,1024.3,
2021-11-27 00:00:00,10.9,4.8,20.3,0,,,4.6,,1021.8,
2021-11-28 00:00:00,11.3,6,21,0,,,7,,1023.9,
2021-11-29 00:00:00,11.6,4.9,22.1,0,,,5.4,,1022.1,
2021-11-30 00:00:00,10.7,4.9,20.9,,,,5.2,,1020.9,
2021-12-01 00:00:00,10.8,6.1,20.5,0,,,6.8,,1020.6,
2021-12-02 00:00:00,10.8,3.9,19.8,0,,,5.1,,1019.9,
2021-12-03 00:00:00,10.8,8,16.2,0,,,17,,1019.5,
2021-12-04 00:00:00,9,4.6,15.5,,,,8.8,,1023.5,
2021-12-05 00:00:00,8.3,3.5,13,,,,3.6,,1025.2,
2021-12-06 00:00:00,8.5,6.1,9.8,,,,3.6,,1021.2,
2021-12-07 00:00:00,9.9,5.8,15.8,,,,6.3,,1017,
2021-12-08 00:00:00,9.5,5,11.1,0.3,,,7.8,,1017.3,
2021-12-09 00:00:00,10.1,2.6,16.2,2.1,,,11.4,,1015.4,
2021-12-10 00:00:00,6.8,1.1,15.4,0,,,7.5,,1023.1,
2021-12-11 00:00:00,6.5,-1.6,14.2,0,,,4.9,,1022.6,
2021-12-12 00:00:00,8.8,6.9,10,,,,14.3,,1014.6,
2021-12-13 00:00:00,9.6,6.1,11,73.1,,,27.3,,1007.2,
2021-12-14 00:00:00,7,3,12.8,,,,10.3,,1012.4,
2021-12-15 00:00:00,7.7,2.6,10.8,,,,15.8,,1020.5,
2021-12-16 00:00:00,8.4,6,14.7,,,,16.1,,1020.2,
2021-12-17 00:00:00,6.1,0.7,14.4,0,,,7.3,,1025.8,
2021-12-18 00:00:00,4.5,1.4,8.5,,,,14.4,,1025.7,
2021-12-19 00:00:00,6.3,4.4,8.4,,,,6.5,,1021,
2021-12-20 00:00:00,6.4,5.4,8.9,0,,,13.1,,1022.2,
2021-12-21 00:00:00,5.6,2.5,8,,,,12.9,,1022.4,
2021-12-22 00:00:00,6.8,5.7,8.1,,,,8.7,,1017.3,
2021-12-23 00:00:00,10.9,8,14.2,,,,9.8,,1007.8,
2021-12-24 00:00:00,10.3,8.3,13.7,,,,15.5,,1009.5,
2021-12-25 00:00:00,8.5,5.5,10.2,,,,20.8,,1009.8,
2021-12-26 00:00:00,6.1,2.9,9,,,,15.4,,1017,
2021-12-27 00:00:00,7.9,2.6,11.7,,,,16.5,,1012.6,
2021-12-28 00:00:00,5.7,2.4,8.5,,,,6.2,,1012.5,
2021-12-29 00:00:00,5.5,4.5,6.6,,,,17.1,,1009.6,
2021-12-30 00:00:00,7.9,4,15.4,0,,,13.3,,1013.5,
2021-12-31 00:00:00,5.4,0.2,15.3,0.2,,,6,,1013.6,
